id,date,time,category,type,amount,counterparty,month
1,2025-01-01,"08:03 AM","Person/Merchant Payment",Debit,180.00,Person_1,2025-01
2,2025-01-01,"08:03 AM","Person/Merchant Payment",Debit,180.00,Person_2,2025-01
3,2025-01-01,"08:04 AM","Person/Merchant Payment",Debit,175.00,Person_3,2025-01
4,2025-01-01,"09:30 AM",Recharge,Debit,189.00,"Jio Prepaid Recharges",2025-01
5,2025-01-01,"09:45 AM","Person/Merchant Payment",Debit,20.00,Person_2,2025-01
6,2025-01-01,"09:46 AM","UPI Lite Top-up",Debit,200.00,Person_4,2025-01
7,2025-01-01,"09:47 AM",Education/Fees,Debit,20000.00,Person_5,2025-01
8,2025-01-01,"04:14 PM","Person/Merchant Payment",Debit,2536.00,Person_6,2025-01
9,2025-01-01,"04:14 PM","Person/Merchant Payment",Debit,2536.00,Person_7,2025-01
10,2025-01-02,"09:26 AM",Education/Fees,Debit,22464.00,Person_5,2025-01
11,2025-01-03,"06:08 PM","Money Received",Credit,20.00,Person_3,2025-01
12,2025-01-03,"07:07 PM","Person/Merchant Payment",Debit,20.00,Person_1,2025-01
13,2025-01-03,"07:08 PM","Person/Merchant Payment",Debit,20.00,Person_1,2025-01
14,2025-01-04,"10:53 AM","Person/Merchant Payment",Debit,140.00,Person_8,2025-01
15,2025-01-04,"06:15 PM","Person/Merchant Payment",Debit,260.00,Person_9,2025-01
16,2025-01-04,"06:57 PM","Person/Merchant Payment",Debit,136.00,Person_7,2025-01
17,2025-01-05,"06:16 PM","Money Received",Credit,20.00,Person_10,2025-01
18,2025-01-06,"03:04 PM","Money Received",Credit,25.00,Person_1,2025-01
19,2025-01-06,"03:15 PM","Person/Merchant Payment",Debit,45.00,Person_7,2025-01
20,2025-01-06,"05:52 PM",Shopping,Debit,602.00,Flipkart,2025-01
21,2025-01-07,"06:18 PM","Person/Merchant Payment",Debit,40.00,Person_11,2025-01
22,2025-01-07,"06:32 PM","Money Received",Credit,100.00,Person_12,2025-01
23,2025-01-07,"10:57 PM","Person/Merchant Payment",Debit,20.00,Person_7,2025-01
24,2025-01-07,"10:57 PM","UPI Lite Top-up",Debit,40.00,Person_4,2025-01
25,2025-01-08,"05:49 PM","Money Received",Credit,100.00,Person_2,2025-01
26,2025-01-08,"05:49 PM","Person/Merchant Payment",Debit,40.00,Person_13,2025-01
27,2025-01-08,"05:51 PM","Person/Merchant Payment",Debit,80.00,Person_9,2025-01
28,2025-01-08,"06:37 PM","Person/Merchant Payment",Debit,500.00,Person_14,2025-01
29,2025-01-09,"08:50 AM","Money Received",Credit,181.00,Person_12,2025-01
30,2025-01-10,"09:57 PM","Money Received",Credit,45.00,Person_15,2025-01
31,2025-01-11,"04:28 AM","Person/Merchant Payment",Debit,60.00,Person_7,2025-01
32,2025-01-11,"11:14 AM","Person/Merchant Payment",Debit,20.00,Person_16,2025-01
33,2025-01-11,"01:04 PM","UPI Lite Top-up",Debit,200.00,Person_4,2025-01
34,2025-01-11,"01:04 PM","UPI Lite Top-up",Debit,100.00,Person_4,2025-01
35,2025-01-11,"09:16 PM","Person/Merchant Payment",Debit,1.00,Person_2,2025-01
36,2025-01-11,"09:16 PM","UPI Lite Top-up",Debit,1.00,Person_4,2025-01
37,2025-01-13,"05:58 PM","Person/Merchant Payment",Debit,100.00,Person_10,2025-01
38,2025-01-14,"07:14 PM","Money Received",Credit,25.00,Person_17,2025-01
39,2025-01-15,"08:19 PM","Money Received",Credit,1.00,Person_12,2025-01
40,2025-01-15,"08:19 PM","Money Received",Credit,5.00,Person_12,2025-01
41,2025-01-15,"08:21 PM",Recharge,Debit,19.00,Person_18,2025-01
42,2025-01-15,"08:22 PM","UPI Lite Top-up",Debit,10.00,Person_4,2025-01
43,2025-01-15,"08:24 PM","Money Received",Credit,12.00,Person_1,2025-01
44,2025-01-15,"08:25 PM","UPI Lite Top-up",Debit,38.00,Person_4,2025-01
45,2025-01-17,"08:42 PM","Money Received",Credit,11.00,Person_15,2025-01
46,2025-01-18,"02:25 PM","Money Received",Credit,13.00,Person_17,2025-01
47,2025-01-18,"02:30 PM","Money Received",Credit,1000.00,Person_12,2025-01
48,2025-01-18,"08:00 PM","Money Received",Credit,60.00,Person_1,2025-01
49,2025-01-19,"01:57 PM","Person/Merchant Payment",Debit,500.00,Person_12,2025-01
50,2025-01-19,"02:03 PM","Money Received",Credit,500.00,Person_12,2025-01
51,2025-01-19,"06:00 PM","Person/Merchant Payment",Debit,400.00,Person_7,2025-01
52,2025-01-19,"06:13 PM","UPI Lite Top-up",Debit,50.00,Person_4,2025-01
53,2025-01-20,"09:51 AM","Money Received",Credit,80.00,Person_2,2025-01
54,2025-01-20,"10:13 AM","Person/Merchant Payment",Debit,42.00,Person_19,2025-01
55,2025-01-20,"10:26 AM","Food & Dining",Debit,40.00,Person_20,2025-01
56,2025-01-20,"10:45 AM","Person/Merchant Payment",Debit,100.00,Person_21,2025-01
57,2025-01-24,"06:27 PM","UPI Lite Top-up",Debit,21.00,Person_4,2025-01
58,2025-01-24,"07:12 PM","Money Received",Credit,500.00,Person_12,2025-01
59,2025-01-25,"08:29 AM","Person/Merchant Payment",Debit,200.00,Person_7,2025-01
60,2025-01-25,"08:33 AM","Person/Merchant Payment",Debit,200.00,Person_6,2025-01
61,2025-01-25,"08:33 AM","UPI Lite Top-up",Debit,200.00,Person_4,2025-01
62,2025-01-26,"11:17 AM","Person/Merchant Payment",Debit,20.00,Person_22,2025-01
63,2025-01-26,"11:22 AM","Money Received",Credit,10.00,Person_3,2025-01
64,2025-01-26,"11:26 AM","UPI Lite Top-up",Debit,20.00,Person_4,2025-01
65,2025-01-26,"04:33 PM","Money Received",Credit,20.00,Person_23,2025-01
66,2025-01-26,"05:43 PM","Money Received",Credit,20.00,Person_3,2025-01
67,2025-01-28,"07:44 PM","Person/Merchant Payment",Debit,500.00,Person_24,2025-01
68,2025-01-29,"03:13 PM","Person/Merchant Payment",Debit,300.00,Person_7,2025-01
69,2025-01-29,"03:14 PM","Person/Merchant Payment",Debit,300.00,Person_6,2025-01
70,2025-01-29,"03:30 PM","Person/Merchant Payment",Debit,2678.00,Person_25,2025-01
71,2025-01-29,"03:32 PM","Person/Merchant Payment",Debit,29.00,Person_25,2025-01
72,2025-01-29,"03:39 PM","Person/Merchant Payment",Debit,83.96,Person_26,2025-01
73,2025-01-29,"05:01 PM","Person/Merchant Payment",Debit,700.00,Person_27,2025-01
74,2025-01-29,"06:01 PM","Money Received",Credit,130.00,Person_3,2025-01
75,2025-02-04,"09:24 PM","Person/Merchant Payment",Debit,1000.00,Person_28,2025-02
76,2025-02-06,"02:34 PM","Money Received",Credit,1000.00,Person_28,2025-02
77,2025-02-06,"03:39 PM","Person/Merchant Payment",Debit,1000.00,Person_7,2025-02
78,2025-02-06,"09:38 PM","Person/Merchant Payment",Debit,1000.00,Person_11,2025-02
79,2025-02-09,"10:00 AM","Person/Merchant Payment",Debit,20000.00,Person_12,2025-02
80,2025-02-09,"10:03 AM","Money Received",Credit,1.00,Person_12,2025-02
81,2025-02-09,"10:03 AM","Person/Merchant Payment",Debit,1.00,Person_7,2025-02
82,2025-02-09,"10:24 AM",Others,Debit,139.00,Person_29,2025-02
83,2025-02-09,"10:24 AM","Money Received",Credit,90.00,Person_12,2025-02
84,2025-02-09,"01:35 PM","Person/Merchant Payment",Debit,700.00,Person_6,2025-02
85,2025-02-14,"09:22 PM","Money Received",Credit,40.00,Person_12,2025-02
86,2025-02-14,"09:23 PM",Others,Debit,114.00,Person_29,2025-02
87,2025-02-14,"10:14 PM",Recharge,Debit,19.00,Person_18,2025-02
88,2025-02-15,"10:56 AM","Person/Merchant Payment",Debit,100.00,Person_6,2025-02
89,2025-02-15,"10:56 AM","Person/Merchant Payment",Debit,100.00,Person_30,2025-02
90,2025-02-17,"11:25 AM","Money Received",Credit,5000.00,Person_31,2025-02
91,2025-02-19,"01:46 PM","Money Received",Credit,80.00,Person_12,2025-02
92,2025-02-19,"01:47 PM","UPI Lite Top-up",Debit,80.00,Person_4,2025-02
93,2025-02-19,"04:09 PM","Money Received",Credit,300.00,Person_12,2025-02
94,2025-02-19,"10:08 PM","UPI Lite Top-up",Debit,317.00,Person_4,2025-02
95,2025-02-19,"10:08 PM","Person/Merchant Payment",Debit,81.00,Person_6,2025-02
96,2025-02-19,"10:09 PM","UPI Lite Top-up",Debit,81.00,Person_4,2025-02
97,2025-02-20,"12:05 PM",Others,Debit,129.00,Person_29,2025-02
98,2025-02-20,"02:35 PM","Person/Merchant Payment",Debit,293.00,Person_12,2025-02
99,2025-02-20,"02:36 PM","Money Received",Credit,293.00,Person_12,2025-02
100,2025-02-21,"02:35 PM","Money Received",Credit,10.00,Person_12,2025-02
101,2025-02-21,"02:35 PM","UPI Lite Top-up",Debit,10.00,Person_4,2025-02
102,2025-02-24,"09:42 AM","Person/Merchant Payment",Debit,5000.00,Person_12,2025-02
103,2025-02-24,"10:04 AM","Money Received",Credit,5000.00,Person_12,2025-02
104,2025-02-24,"01:54 PM","Money Received",Credit,300.00,Person_12,2025-02
105,2025-02-24,"02:07 PM","Person/Merchant Payment",Debit,167.00,Person_32,2025-02
106,2025-02-27,"05:00 PM","Money Received",Credit,50.00,Person_12,2025-02
107,2025-02-28,"02:07 PM","Person/Merchant Payment",Debit,1000.00,Person_7,2025-02
108,2025-02-28,"08:30 PM","UPI Lite Top-up",Debit,183.00,Person_4,2025-02
109,2025-02-28,"08:31 PM","Person/Merchant Payment",Debit,200.00,Person_7,2025-02
110,2025-03-01,"10:15 AM","Person/Merchant Payment",Debit,1000.00,Person_2,2025-03
111,2025-03-01,"02:24 PM","Money Received",Credit,195.00,Person_3,2025-03
112,2025-03-01,"03:33 PM","Person/Merchant Payment",Debit,1510.00,Person_25,2025-03
113,2025-03-01,"04:15 PM","Person/Merchant Payment",Debit,448.00,Person_33,2025-03
114,2025-03-01,"06:13 PM","Person/Merchant Payment",Debit,170.00,Person_34,2025-03
115,2025-03-01,"06:18 PM","Person/Merchant Payment",Debit,257.00,Person_35,2025-03
116,2025-03-01,"06:54 PM","UPI Lite Top-up",Debit,170.00,Person_4,2025-03
117,2025-03-01,"07:03 PM","Person/Merchant Payment",Debit,100.00,Person_36,2025-03
118,2025-03-01,"07:04 PM","Person/Merchant Payment",Debit,50.00,Person_37,2025-03
119,2025-03-01,"08:57 PM","UPI Lite Top-up",Debit,150.00,Person_4,2025-03
120,2025-03-01,"09:12 PM","Money Received",Credit,250.00,Person_2,2025-03
121,2025-03-01,"09:12 PM","Money Received",Credit,36.00,Person_2,2025-03
122,2025-03-01,"09:15 PM","Person/Merchant Payment",Debit,286.00,Person_7,2025-03
123,2025-03-02,"02:29 PM","Person/Merchant Payment",Debit,1200.00,Person_12,2025-03
124,2025-03-03,"05:45 PM","Money Received",Credit,2000.00,Person_38,2025-03
125,2025-03-03,"07:03 PM","Person/Merchant Payment",Debit,1200.00,Person_7,2025-03
126,2025-03-06,"06:24 PM","Person/Merchant Payment",Debit,800.00,Person_7,2025-03
127,2025-03-08,"09:22 PM","Person/Merchant Payment",Debit,65.00,Person_1,2025-03
128,2025-03-09,"07:30 PM","Person/Merchant Payment",Debit,93.00,Person_17,2025-03
129,2025-03-10,"08:37 PM","Money Received",Credit,1000.00,Person_12,2025-03
130,2025-03-11,"06:59 PM","Person/Merchant Payment",Debit,1000.00,Person_7,2025-03
131,2025-03-12,"12:24 PM","Person/Merchant Payment",Debit,55.00,Person_8,2025-03
132,2025-03-12,"06:06 PM","Person/Merchant Payment",Debit,1800.00,Person_28,2025-03
133,2025-03-15,"08:50 AM","Person/Merchant Payment",Debit,10.00,Person_37,2025-03
134,2025-03-17,"01:08 PM","Money Received",Credit,1800.00,Person_28,2025-03
135,2025-03-17,"01:23 PM","Person/Merchant Payment",Debit,1800.00,Person_7,2025-03
136,2025-03-17,"08:35 PM","Person/Merchant Payment",Debit,14.00,Person_22,2025-03
137,2025-03-19,"01:50 PM","Person/Merchant Payment",Debit,40.00,Person_39,2025-03
138,2025-03-20,"07:48 PM","Money Received",Credit,100.00,Person_37,2025-03
139,2025-03-21,"05:13 PM","Person/Merchant Payment",Debit,2500.00,Person_12,2025-03
140,2025-03-21,"05:18 PM","UPI Lite Top-up",Debit,100.00,Person_4,2025-03
141,2025-03-21,"05:18 PM","UPI Lite Top-up",Debit,4.00,Person_4,2025-03
142,2025-03-21,"05:24 PM","Money Received",Credit,100.00,Person_12,2025-03
143,2025-03-23,"04:43 PM","Money Received",Credit,300.00,Person_12,2025-03
144,2025-03-24,"07:19 PM","Person/Merchant Payment",Debit,100.00,Person_40,2025-03
145,2025-03-24,"08:35 PM","Money Received",Credit,200.00,Person_37,2025-03
146,2025-03-24,"11:37 PM","Money Received",Credit,100.00,Person_1,2025-03
147,2025-03-24,"11:38 PM","Money Received",Credit,100.00,Person_11,2025-03
148,2025-03-24,"11:38 PM","Person/Merchant Payment",Debit,400.00,Person_40,2025-03
149,2025-03-24,"11:48 PM","Person/Merchant Payment",Debit,400.00,Person_7,2025-03
150,2025-03-25,"07:32 AM","Person/Merchant Payment",Debit,100.00,Person_6,2025-03
151,2025-03-25,"07:32 AM","Person/Merchant Payment",Debit,300.00,Person_7,2025-03
152,2025-03-25,"12:07 PM","Money Received",Credit,785.00,Person_41,2025-03
153,2025-03-25,"03:46 PM","Person/Merchant Payment",Debit,400.00,Person_37,2025-03
154,2025-03-26,"12:02 PM","Money Received",Credit,25.00,Person_3,2025-03
155,2025-03-26,"12:03 PM","Person/Merchant Payment",Debit,25.00,Person_11,2025-03
156,2025-03-26,"01:59 PM","Money Received",Credit,200.00,Person_37,2025-03
157,2025-03-26,"02:03 PM","Person/Merchant Payment",Debit,500.00,Person_7,2025-03
158,2025-03-26,"02:04 PM","Person/Merchant Payment",Debit,200.00,Person_37,2025-03
159,2025-03-26,"02:35 PM","Money Received",Credit,200.00,Person_37,2025-03
160,2025-03-26,"07:15 PM","Person/Merchant Payment",Debit,100.00,Person_40,2025-03
161,2025-03-26,"10:22 PM","Money Received",Credit,19.00,Person_12,2025-03
162,2025-03-27,"12:26 PM","Person/Merchant Payment",Debit,20.00,Person_37,2025-03
163,2025-03-27,"12:33 PM","Money Received",Credit,53.00,Person_12,2025-03
164,2025-03-27,"06:55 PM","Person/Merchant Payment",Debit,40.00,Person_42,2025-03
165,2025-03-27,"09:47 PM",Others,Debit,126.00,Person_29,2025-03
166,2025-03-28,"12:12 PM","Person/Merchant Payment",Debit,16.00,Person_37,2025-03
167,2025-03-29,"10:09 AM","Person/Merchant Payment",Debit,32.00,Person_43,2025-03
168,2025-03-29,"10:15 AM","Money Received",Credit,32.00,Person_12,2025-03
169,2025-03-29,"10:18 AM","Person/Merchant Payment",Debit,32.00,Person_7,2025-03
170,2025-03-29,"10:25 AM","Person/Merchant Payment",Debit,83.00,Person_6,2025-03
171,2025-03-29,"10:25 AM","UPI Lite Top-up",Debit,83.00,Person_4,2025-03
172,2025-03-29,"10:26 AM","UPI Lite Top-up",Debit,4.00,Person_4,2025-03
173,2025-03-29,"10:26 AM","Money Received",Credit,4.00,Person_12,2025-03
174,2025-03-29,"10:27 AM",Others,Debit,95.00,Person_29,2025-03
175,2025-03-29,"11:52 AM","Money Received",Credit,680.00,Person_37,2025-03
176,2025-04-02,"05:27 PM","Person/Merchant Payment",Debit,1200.00,Person_12,2025-04
177,2025-04-04,"12:39 PM","Person/Merchant Payment",Debit,20.00,Person_37,2025-04
178,2025-04-04,"03:10 PM","Money Received",Credit,3000.00,Person_11,2025-04
179,2025-04-04,"03:11 PM","Person/Merchant Payment",Debit,3000.00,Person_12,2025-04
180,2025-04-06,"09:57 AM","Person/Merchant Payment",Debit,1800.00,Person_12,2025-04
181,2025-04-06,"09:58 AM","Person/Merchant Payment",Debit,200.00,Person_12,2025-04
182,2025-04-06,"10:03 AM","Person/Merchant Payment",Debit,100.00,Person_11,2025-04
183,2025-04-06,"12:35 PM","Person/Merchant Payment",Debit,36.00,Person_12,2025-04
184,2025-04-06,"07:00 PM","Money Received",Credit,14.00,Person_2,2025-04
185,2025-04-07,"04:39 PM","Money Received",Credit,200.00,Person_37,2025-04
186,2025-04-07,"06:14 PM","Money Received",Credit,200.00,Person_2,2025-04
187,2025-04-07,"06:19 PM","Person/Merchant Payment",Debit,200.00,Person_40,2025-04
188,2025-04-07,"08:36 PM","Money Received",Credit,22.00,Person_37,2025-04
189,2025-04-07,"09:00 PM","Money Received",Credit,200.00,Person_3,2025-04
190,2025-04-07,"09:01 PM","Person/Merchant Payment",Debit,300.00,Person_44,2025-04
191,2025-04-10,"01:33 PM","Person/Merchant Payment",Debit,70.00,Person_45,2025-04
192,2025-04-11,"01:13 PM","Money Received",Credit,35.00,Person_45,2025-04
193,2025-04-11,"01:13 PM","Money Received",Credit,70.00,Person_12,2025-04
194,2025-04-11,"01:35 PM","Person/Merchant Payment",Debit,31.00,Person_15,2025-04
195,2025-04-11,"07:04 PM","Money Received",Credit,1000.00,Person_12,2025-04
196,2025-04-12,"09:11 AM","Money Received",Credit,2000.00,Person_12,2025-04
197,2025-04-12,"11:20 AM","Person/Merchant Payment",Debit,50.00,Person_45,2025-04
198,2025-04-13,"12:18 PM","Person/Merchant Payment",Debit,2000.00,Person_45,2025-04
199,2025-04-13,"12:36 PM","Money Received",Credit,2000.00,Person_12,2025-04
200,2025-04-13,"02:47 PM","Money Received",Credit,300.00,Person_12,2025-04
201,2025-04-13,"02:47 PM","Person/Merchant Payment",Debit,300.00,Person_12,2025-04
202,2025-04-13,"04:50 PM","Money Received",Credit,1700.00,Person_45,2025-04
203,2025-04-13,"04:53 PM","Person/Merchant Payment",Debit,1700.00,Person_44,2025-04
204,2025-04-13,"11:09 PM","Person/Merchant Payment",Debit,100.00,Person_46,2025-04
205,2025-04-14,"09:03 AM","Person/Merchant Payment",Debit,1079.00,Person_12,2025-04
206,2025-04-14,"10:05 AM",Shopping,Debit,467.00,"FLIPKART PAYMENTS",2025-04
207,2025-04-15,"04:05 PM","Person/Merchant Payment",Debit,80.00,Person_47,2025-04
208,2025-04-15,"07:13 PM","Money Received",Credit,3000.00,Person_45,2025-04
209,2025-04-15,"07:19 PM","Person/Merchant Payment",Debit,3000.00,Person_44,2025-04
210,2025-04-15,"07:23 PM","Money Received",Credit,500.00,Person_45,2025-04
211,2025-04-15,"08:29 PM","Person/Merchant Payment",Debit,800.00,Person_48,2025-04
212,2025-04-16,"01:44 PM","Money Received",Credit,200.00,Person_11,2025-04
213,2025-04-16,"01:45 PM","Money Received",Credit,200.00,Person_1,2025-04
214,2025-04-16,"02:54 PM","Person/Merchant Payment",Debit,330.00,Person_49,2025-04
215,2025-04-16,"02:56 PM","Person/Merchant Payment",Debit,10.00,Person_34,2025-04
216,2025-04-16,"07:30 PM","Person/Merchant Payment",Debit,60.00,Person_11,2025-04
217,2025-04-17,"07:30 PM","Money Received",Credit,100.00,Person_45,2025-04
218,2025-04-18,"09:51 AM","Money Received",Credit,40.00,Person_12,2025-04
219,2025-04-18,"09:51 AM","Money Received",Credit,2600.00,Person_50,2025-04
220,2025-04-18,"09:52 AM","Person/Merchant Payment",Debit,2640.00,Person_12,2025-04
221,2025-04-18,"11:21 AM","Person/Merchant Payment",Debit,4000.00,Person_45,2025-04
222,2025-04-18,"02:30 PM","Person/Merchant Payment",Debit,300.00,Person_51,2025-04
223,2025-04-18,"02:38 PM","Person/Merchant Payment",Debit,260.00,Person_52,2025-04
224,2025-04-18,"02:58 PM","Person/Merchant Payment",Debit,50.00,Person_12,2025-04
225,2025-04-18,"02:59 PM","Person/Merchant Payment",Debit,10.00,Person_12,2025-04
226,2025-04-18,"03:16 PM","Person/Merchant Payment",Debit,60.00,Person_53,2025-04
227,2025-04-19,"03:24 PM","Money Received",Credit,2000.00,Person_45,2025-04
228,2025-04-19,"03:27 PM","Person/Merchant Payment",Debit,2000.00,Person_44,2025-04
229,2025-04-20,"07:59 AM","Money Received",Credit,30.00,Person_45,2025-04
230,2025-04-20,"08:00 AM","Person/Merchant Payment",Debit,30.00,Person_45,2025-04
231,2025-04-20,"01:03 PM","Person/Merchant Payment",Debit,2500.00,Person_45,2025-04
232,2025-04-20,"01:05 PM","Money Received",Credit,1000.00,Person_45,2025-04
233,2025-04-20,"01:19 PM","Money Received",Credit,3000.00,Person_12,2025-04
234,2025-04-20,"01:22 PM","Person/Merchant Payment",Debit,1000.00,Person_44,2025-04
235,2025-04-20,"03:05 PM","Person/Merchant Payment",Debit,530.00,Person_54,2025-04
236,2025-04-20,"03:26 PM","Money Received",Credit,1300.00,Person_45,2025-04
237,2025-04-20,"03:29 PM","Person/Merchant Payment",Debit,1300.00,Person_44,2025-04
238,2025-04-21,"01:43 PM","Person/Merchant Payment",Debit,500.00,Person_45,2025-04
239,2025-04-21,"07:59 PM","Money Received",Credit,2000.00,Person_55,2025-04
240,2025-04-23,"08:24 PM","Money Received",Credit,500.00,Person_45,2025-04
241,2025-04-23,"08:26 PM","Person/Merchant Payment",Debit,500.00,Person_44,2025-04
242,2025-04-24,"09:00 PM","Money Received",Credit,1500.00,Person_37,2025-04
243,2025-04-24,"09:03 PM","Person/Merchant Payment",Debit,1500.00,Person_56,2025-04
244,2025-04-24,"10:29 PM","Money Received",Credit,500.00,Person_45,2025-04
245,2025-04-25,"09:04 AM","Money Received",Credit,2000.00,Person_57,2025-04
246,2025-04-25,"09:29 AM","Person/Merchant Payment",Debit,20.00,Person_58,2025-04
247,2025-04-25,"11:53 AM","Money Received",Credit,500.00,Person_59,2025-04
248,2025-04-25,"12:13 PM","Person/Merchant Payment",Debit,4000.00,Person_60,2025-04
249,2025-04-25,"12:27 PM","Person/Merchant Payment",Debit,8.00,Person_11,2025-04
250,2025-04-25,"12:27 PM","Person/Merchant Payment",Debit,500.00,Person_7,2025-04
251,2025-04-25,"01:08 PM","Person/Merchant Payment",Debit,10.00,Person_61,2025-04
252,2025-04-25,"03:26 PM","Person/Merchant Payment",Debit,120.00,Person_62,2025-04
253,2025-04-25,"03:46 PM","Money Received",Credit,120.00,Person_37,2025-04
254,2025-04-25,"10:13 PM","Money Received",Credit,1700.00,Person_37,2025-04
255,2025-04-25,"10:18 PM","Person/Merchant Payment",Debit,1700.00,Person_63,2025-04
256,2025-04-26,"11:17 AM","Person/Merchant Payment",Debit,350.00,Person_11,2025-04
257,2025-04-26,"01:58 PM","Person/Merchant Payment",Debit,500.00,Person_45,2025-04
258,2025-04-26,"04:15 PM","Person/Merchant Payment",Debit,150.00,Person_33,2025-04
259,2025-04-26,"04:33 PM","Food & Dining",Debit,30.00,Person_64,2025-04
260,2025-04-26,"06:57 PM","Money Received",Credit,350.00,Person_1,2025-04
261,2025-04-26,"06:57 PM","Money Received",Credit,350.00,Person_65,2025-04
262,2025-04-26,"07:15 PM","Money Received",Credit,350.00,Person_11,2025-04
263,2025-04-26,"07:17 PM","Money Received",Credit,1000.00,Person_11,2025-04
264,2025-04-26,"07:20 PM","Person/Merchant Payment",Debit,900.00,Person_49,2025-04
265,2025-04-26,"07:33 PM","Person/Merchant Payment",Debit,60.00,Person_39,2025-04
266,2025-04-26,"08:14 PM","Person/Merchant Payment",Debit,2000.00,Person_63,2025-04
267,2025-04-26,"10:30 PM","Person/Merchant Payment",Debit,50.00,Person_10,2025-04
268,2025-04-27,"01:56 PM","Person/Merchant Payment",Debit,2850.00,Person_45,2025-04
269,2025-04-27,"08:35 PM","Money Received",Credit,2500.00,Person_66,2025-04
270,2025-04-27,"08:40 PM","Person/Merchant Payment",Debit,2000.00,Person_67,2025-04
271,2025-04-28,"11:26 AM","Money Received",Credit,1000.00,Person_68,2025-04
272,2025-04-28,"11:26 AM","Person/Merchant Payment",Debit,1000.00,Person_11,2025-04
273,2025-04-28,"04:08 PM","Money Received",Credit,20000.00,Person_12,2025-04
274,2025-04-28,"04:09 PM","Money Received",Credit,5000.00,Person_12,2025-04
275,2025-04-28,"04:16 PM","Person/Merchant Payment",Debit,25000.00,Person_7,2025-04
276,2025-04-28,"07:31 PM","Person/Merchant Payment",Debit,2000.00,Person_45,2025-04
277,2025-04-29,"10:09 AM","Money Received",Credit,7000.00,Person_12,2025-04
278,2025-04-29,"10:11 AM","Person/Merchant Payment",Debit,351.00,Person_7,2025-04
279,2025-04-29,"10:11 AM","Person/Merchant Payment",Debit,7000.00,Person_7,2025-04
280,2025-04-29,"10:11 AM","Money Received",Credit,351.00,Person_12,2025-04
281,2025-04-30,"08:03 AM","Person/Merchant Payment",Debit,1000.00,Person_69,2025-04
282,2025-04-30,"08:07 AM","Person/Merchant Payment",Debit,1000.00,Person_28,2025-04
283,2025-04-30,"08:10 AM","Money Received",Credit,1000.00,Person_70,2025-04
284,2025-04-30,"05:12 PM","Person/Merchant Payment",Debit,1000.00,Person_7,2025-04
285,2025-04-30,"05:14 PM","Person/Merchant Payment",Debit,500.00,Person_28,2025-04
286,2025-04-30,"05:29 PM","Money Received",Credit,65.00,Person_15,2025-04
287,2025-04-30,"05:29 PM","Money Received",Credit,65.00,Person_1,2025-04
288,2025-05-01,"10:00 AM","Person/Merchant Payment",Debit,500.00,Person_71,2025-05
289,2025-05-01,"05:25 PM","Money Received",Credit,50.00,Person_15,2025-05
290,2025-05-01,"05:26 PM","Money Received",Credit,50.00,Person_17,2025-05
291,2025-05-01,"05:26 PM","Money Received",Credit,50.00,Person_1,2025-05
292,2025-05-01,"06:21 PM","Money Received",Credit,89.00,Person_11,2025-05
293,2025-05-01,"06:29 PM","Person/Merchant Payment",Debit,340.00,Person_49,2025-05
294,2025-05-01,"06:59 PM","Person/Merchant Payment",Debit,10.00,Person_72,2025-05
295,2025-05-02,"08:57 AM","Money Received",Credit,2000.00,Person_37,2025-05
296,2025-05-02,"09:01 AM","UPI Lite Top-up",Debit,1000.00,Person_4,2025-05
297,2025-05-02,"06:17 PM","Person/Merchant Payment",Debit,6.00,Person_8,2025-05
298,2025-05-02,"10:29 PM","Person/Merchant Payment",Debit,1000.00,Person_11,2025-05
299,2025-05-02,"10:36 PM","Money Received",Credit,500.00,Person_37,2025-05
300,2025-05-02,"11:47 PM","Money Received",Credit,500.00,Person_71,2025-05
301,2025-05-03,"06:19 PM","Money Received",Credit,500.00,Person_37,2025-05
302,2025-05-03,"07:05 PM","UPI Lite Top-up",Debit,1000.00,Person_4,2025-05
303,2025-05-03,"07:06 PM","Person/Merchant Payment",Debit,500.00,Person_7,2025-05
304,2025-05-03,"07:06 PM","UPI Lite Top-up",Debit,500.00,Person_4,2025-05
305,2025-05-03,"09:25 PM","Person/Merchant Payment",Debit,500.00,Person_73,2025-05
306,2025-05-04,"08:46 PM","Person/Merchant Payment",Debit,6000.00,Person_45,2025-05
307,2025-05-05,"12:18 PM","Person/Merchant Payment",Debit,1000.00,Person_58,2025-05
308,2025-05-05,"03:45 PM","Person/Merchant Payment",Debit,50.00,Person_33,2025-05
309,2025-05-05,"07:43 PM","Person/Merchant Payment",Debit,100.00,Person_74,2025-05
310,2025-05-06,"07:28 PM","Person/Merchant Payment",Debit,4000.00,Person_74,2025-05
311,2025-05-06,"08:57 PM","Person/Merchant Payment",Debit,1000.00,Person_28,2025-05
312,2025-05-06,"09:03 PM","Person/Merchant Payment",Debit,1000.00,Person_7,2025-05
313,2025-05-06,"09:55 PM","UPI Lite Top-up",Debit,1000.00,Person_4,2025-05
314,2025-05-06,"09:57 PM","Person/Merchant Payment",Debit,200.00,Person_6,2025-05
315,2025-05-06,"11:27 PM","Money Received",Credit,500.00,Person_37,2025-05
316,2025-05-06,"11:29 PM","Person/Merchant Payment",Debit,500.00,Person_45,2025-05
317,2025-05-07,"11:14 AM","Person/Merchant Payment",Debit,1000.00,Person_28,2025-05
318,2025-05-07,"11:20 AM","Money Received",Credit,1000.00,Person_71,2025-05
319,2025-05-07,"02:20 PM","UPI Lite Top-up",Debit,1000.00,Person_4,2025-05
320,2025-05-08,"02:13 PM","Person/Merchant Payment",Debit,3500.00,Person_71,2025-05
321,2025-05-08,"09:03 PM","Person/Merchant Payment",Debit,500.00,Person_75,2025-05
322,2025-05-08,"09:26 PM","Money Received",Credit,3500.00,Person_71,2025-05
323,2025-05-08,"10:03 PM","Money Received",Credit,500.00,Person_28,2025-05
324,2025-05-09,"09:35 AM","Person/Merchant Payment",Debit,3500.00,Person_7,2025-05
325,2025-05-09,"09:36 AM","Person/Merchant Payment",Debit,26.00,Person_15,2025-05
326,2025-05-09,"01:42 PM","Person/Merchant Payment",Debit,30.00,Person_72,2025-05
327,2025-05-09,"03:45 PM","Person/Merchant Payment",Debit,149.00,Person_45,2025-05
328,2025-05-12,"10:46 AM","Money Received",Credit,1000.00,Person_2,2025-05
329,2025-05-12,"12:36 PM","Person/Merchant Payment",Debit,80.00,Person_15,2025-05
330,2025-05-12,"12:36 PM","UPI Lite Top-up",Debit,1000.00,Person_4,2025-05
331,2025-05-12,"08:47 PM","Person/Merchant Payment",Debit,1000.00,Person_71,2025-05
332,2025-05-13,"12:04 PM","Person/Merchant Payment",Debit,699.00,Person_76,2025-05
333,2025-05-14,"01:20 PM","Money Received",Credit,1000.00,Person_71,2025-05
334,2025-05-15,"10:00 AM","Person/Merchant Payment",Debit,500.00,Person_58,2025-05
335,2025-05-15,"10:25 AM","Person/Merchant Payment",Debit,500.00,Person_58,2025-05
336,2025-05-15,"10:47 AM","Money Received",Credit,50.00,Person_37,2025-05
337,2025-05-15,"10:55 AM","Person/Merchant Payment",Debit,10.00,Person_8,2025-05
338,2025-05-15,"01:11 PM","Person/Merchant Payment",Debit,25.00,Person_72,2025-05
339,2025-05-15,"01:47 PM","Person/Merchant Payment",Debit,1000.00,Person_77,2025-05
340,2025-05-15,"07:05 PM","Money Received",Credit,1000.00,Person_3,2025-05
341,2025-05-15,"07:08 PM","Person/Merchant Payment",Debit,10.00,Person_3,2025-05
342,2025-05-15,"07:10 PM","Money Received",Credit,10.00,Person_3,2025-05
343,2025-05-15,"07:58 PM","Money Received",Credit,5.00,Person_45,2025-05
344,2025-05-15,"09:04 PM","Person/Merchant Payment",Debit,2000.00,Person_78,2025-05
345,2025-05-15,"09:05 PM","UPI Lite Top-up",Debit,1000.00,Person_4,2025-05
346,2025-05-16,"08:44 AM","Money Received",Credit,35.00,Person_1,2025-05
347,2025-05-16,"07:02 PM","Money Received",Credit,49500.00,Person_12,2025-05
348,2025-05-16,"07:18 PM","UPI Lite Top-up",Debit,300.00,Person_4,2025-05
349,2025-05-16,"07:44 PM","UPI Lite Top-up",Debit,100.00,Person_4,2025-05
350,2025-05-16,"07:46 PM","Money Received",Credit,10.00,Person_15,2025-05
351,2025-05-16,"07:46 PM","Person/Merchant Payment",Debit,10.00,Person_15,2025-05
352,2025-05-17,"01:02 PM",Education/Fees,Debit,1680.00,Person_5,2025-05
353,2025-05-17,"01:09 PM","Person/Merchant Payment",Debit,30.00,Person_8,2025-05
354,2025-05-17,"02:39 PM","Money Received",Credit,50500.00,Person_12,2025-05
355,2025-05-17,"02:53 PM","UPI Lite Top-up",Debit,1000.00,Person_4,2025-05
356,2025-05-17,"02:54 PM","Person/Merchant Payment",Debit,1680.00,Person_7,2025-05
357,2025-05-17,"02:58 PM","Person/Merchant Payment",Debit,10000.00,Person_7,2025-05
358,2025-05-17,"03:28 PM","Person/Merchant Payment",Debit,2600.00,Person_11,2025-05
359,2025-05-17,"08:06 PM","Money Received",Credit,20.00,Person_17,2025-05
360,2025-05-17,"08:25 PM","UPI Lite Top-up",Debit,20.00,Person_4,2025-05
361,2025-05-19,"07:53 AM","Person/Merchant Payment",Debit,200.00,Person_58,2025-05
362,2025-05-19,"09:52 AM","Person/Merchant Payment",Debit,40.00,Person_8,2025-05
363,2025-05-19,"01:52 PM","Money Received",Credit,300.00,Person_12,2025-05
364,2025-05-19,"03:20 PM","Person/Merchant Payment",Debit,3800.00,Person_45,2025-05
365,2025-05-19,"07:22 PM","Person/Merchant Payment",Debit,2000.00,Person_79,2025-05
366,2025-05-20,"12:51 PM","Money Received",Credit,200.00,Person_2,2025-05
367,2025-05-20,"12:57 PM","Person/Merchant Payment",Debit,25.00,Person_2,2025-05
368,2025-05-20,"06:15 PM","Person/Merchant Payment",Debit,60.00,Person_10,2025-05
369,2025-05-20,"07:45 PM","Person/Merchant Payment",Debit,760.00,Person_80,2025-05
370,2025-05-21,"03:16 PM","Person/Merchant Payment",Debit,8240.00,Person_76,2025-05
371,2025-05-21,"03:17 PM","UPI Lite Top-up",Debit,385.00,Person_4,2025-05
372,2025-05-21,"05:03 PM","Person/Merchant Payment",Debit,20.00,Person_81,2025-05
373,2025-05-21,"05:31 PM","Person/Merchant Payment",Debit,200.00,Person_82,2025-05
374,2025-05-22,"10:48 AM","Person/Merchant Payment",Debit,1230.00,Person_83,2025-05
375,2025-05-22,"02:47 PM","Money Received",Credit,2500.00,Person_37,2025-05
376,2025-05-22,"03:06 PM","Person/Merchant Payment",Debit,2100.00,Person_12,2025-05
377,2025-05-23,"01:54 PM","Person/Merchant Payment",Debit,1000.00,Person_84,2025-05
378,2025-05-24,"05:20 PM","Money Received",Credit,8000.00,Person_1,2025-05
379,2025-05-24,"05:21 PM","Person/Merchant Payment",Debit,8000.00,Person_45,2025-05
380,2025-05-25,"10:44 AM","Money Received",Credit,2100.00,Person_59,2025-05
381,2025-05-25,"01:02 PM","Person/Merchant Payment",Debit,20.00,Person_85,2025-05
382,2025-05-25,"01:05 PM","Person/Merchant Payment",Debit,150.00,Person_86,2025-05
383,2025-05-25,"04:37 PM","Person/Merchant Payment",Debit,1500.00,Person_12,2025-05
384,2025-05-25,"09:05 PM","Money Received",Credit,1000.00,Person_84,2025-05
385,2025-05-27,"04:27 PM","Person/Merchant Payment",Debit,100.00,Person_87,2025-05
386,2025-05-28,"11:35 AM","Money Received",Credit,1000.00,Person_88,2025-05
387,2025-05-28,"01:03 PM","Money Received",Credit,500.00,Person_12,2025-05
388,2025-05-28,"07:37 PM","Money Received",Credit,40.00,Person_1,2025-05
389,2025-05-28,"07:45 PM","Money Received",Credit,50.00,Person_11,2025-05
390,2025-05-29,"09:51 AM","UPI Lite Top-up",Debit,1000.00,Person_4,2025-05
391,2025-05-29,"12:07 PM","Money Received",Credit,300.00,Person_37,2025-05
392,2025-05-29,"12:17 PM","UPI Lite Top-up",Debit,70.00,Person_4,2025-05
393,2025-05-29,"10:42 PM","Money Received",Credit,65.00,Person_10,2025-05
394,2025-05-30,"02:40 PM","Person/Merchant Payment",Debit,500.00,Person_2,2025-05
395,2025-05-30,"02:50 PM","Food & Dining",Debit,105.00,Person_64,2025-05
396,2025-05-30,"03:21 PM","Person/Merchant Payment",Debit,60.00,Person_89,2025-05
397,2025-05-30,"05:15 PM","Money Received",Credit,55.00,Person_90,2025-05
398,2025-05-31,"08:06 AM","Person/Merchant Payment",Debit,250.00,Person_2,2025-05
399,2025-05-31,"02:47 PM","Person/Merchant Payment",Debit,4000.00,Person_37,2025-05
400,2025-06-01,"10:24 AM","Person/Merchant Payment",Debit,17000.00,Person_37,2025-06
401,2025-06-01,"07:26 PM","Person/Merchant Payment",Debit,2000.00,Person_79,2025-06
402,2025-06-01,"07:27 PM","Person/Merchant Payment",Debit,1500.00,Person_7,2025-06
403,2025-06-02,"10:19 AM","Person/Merchant Payment",Debit,3500.00,Person_37,2025-06
404,2025-06-02,"01:34 PM","Person/Merchant Payment",Debit,4300.00,Person_75,2025-06
405,2025-06-02,"08:51 PM","Money Received",Credit,15.00,Person_10,2025-06
406,2025-06-03,"12:56 AM","Money Received",Credit,4300.00,Person_71,2025-06
407,2025-06-03,"11:42 AM","Person/Merchant Payment",Debit,5000.00,Person_91,2025-06
408,2025-06-03,"06:11 PM","Person/Merchant Payment",Debit,6000.00,Person_37,2025-06
409,2025-06-03,"09:33 PM","Money Received",Credit,5000.00,Person_37,2025-06
410,2025-06-03,"09:35 PM","Person/Merchant Payment",Debit,5000.00,Person_79,2025-06
411,2025-06-04,"10:30 AM","Person/Merchant Payment",Debit,331.00,Person_7,2025-06
412,2025-06-04,"10:30 AM","Person/Merchant Payment",Debit,1000.00,Person_7,2025-06
413,2025-06-04,"10:30 AM","Person/Merchant Payment",Debit,1000.00,Person_7,2025-06
414,2025-06-04,"10:44 AM","Person/Merchant Payment",Debit,2331.00,Person_6,2025-06
415,2025-06-04,"10:44 AM","UPI Lite Top-up",Debit,2331.00,Person_4,2025-06
416,2025-06-04,"12:46 PM","Money Received",Credit,5000.00,Person_57,2025-06
417,2025-06-04,"01:39 PM","Person/Merchant Payment",Debit,3000.00,Person_24,2025-06
418,2025-06-04,"06:17 PM","Person/Merchant Payment",Debit,10000.00,Person_37,2025-06
419,2025-06-04,"06:50 PM","Person/Merchant Payment",Debit,2500.00,Person_92,2025-06
420,2025-06-05,"09:22 AM","Person/Merchant Payment",Debit,1.00,Person_12,2025-06
421,2025-06-05,"07:43 PM","Money Received",Credit,4000.00,Person_37,2025-06
422,2025-06-06,"11:29 AM","Money Received",Credit,1500.00,Person_92,2025-06
423,2025-06-06,"11:31 AM","Person/Merchant Payment",Debit,1500.00,Person_7,2025-06
424,2025-06-06,"12:58 PM","Money Received",Credit,100.00,Person_11,2025-06
425,2025-06-06,"08:32 PM","Person/Merchant Payment",Debit,2000.00,Person_91,2025-06
426,2025-06-06,"08:35 PM","UPI Lite Top-up",Debit,100.00,Person_4,2025-06
427,2025-06-06,"08:39 PM","Person/Merchant Payment",Debit,2673.00,Person_67,2025-06
428,2025-06-07,"02:30 PM","Money Received",Credit,1000.00,Person_92,2025-06
429,2025-06-07,"02:30 PM","Person/Merchant Payment",Debit,1000.00,Person_7,2025-06
430,2025-06-07,"04:56 PM","Food & Dining",Debit,740.00,Person_93,2025-06
431,2025-06-07,"10:37 PM","Person/Merchant Payment",Debit,29.00,Person_7,2025-06
432,2025-06-08,"06:44 PM","Person/Merchant Payment",Debit,1000.00,Person_94,2025-06
433,2025-06-09,"10:42 AM","Money Received",Credit,5.00,Person_45,2025-06
434,2025-06-10,"07:37 PM","Money Received",Credit,50.00,Person_37,2025-06
435,2025-06-11,"01:19 PM","Food & Dining",Debit,103.96,Person_95,2025-06
436,2025-06-11,"01:36 PM","Person/Merchant Payment",Debit,187.90,Person_26,2025-06
437,2025-06-11,"04:12 PM","Money Received",Credit,200.00,Person_96,2025-06
438,2025-06-12,"12:11 PM","Person/Merchant Payment",Debit,40.00,Person_97,2025-06
439,2025-06-12,"02:53 PM","Person/Merchant Payment",Debit,140.00,Person_98,2025-06
440,2025-06-13,"07:49 AM","Person/Merchant Payment",Debit,100.00,Person_12,2025-06
441,2025-06-13,"07:52 AM","Money Received",Credit,100.00,Person_12,2025-06
442,2025-06-13,"07:53 AM","Money Received",Credit,200.00,Person_12,2025-06
443,2025-06-13,"07:55 AM","Money Received",Credit,400.00,Person_12,2025-06
444,2025-06-13,"11:24 PM","Money Received",Credit,15.00,Person_1,2025-06
445,2025-06-14,"09:23 AM","Money Received",Credit,1000.00,Person_37,2025-06
446,2025-06-14,"09:39 AM","Person/Merchant Payment",Debit,1000.00,Person_94,2025-06
447,2025-06-14,"08:21 PM","Person/Merchant Payment",Debit,1500.00,Person_67,2025-06
448,2025-06-15,"10:56 AM","Money Received",Credit,200.00,Person_12,2025-06
449,2025-06-16,"02:34 PM","Person/Merchant Payment",Debit,50.00,Person_37,2025-06
450,2025-06-17,"08:17 AM","Money Received",Credit,2500.00,Person_12,2025-06
451,2025-06-17,"09:04 AM","Person/Merchant Payment",Debit,2500.00,Person_7,2025-06
452,2025-06-17,"03:21 PM","Person/Merchant Payment",Debit,30.00,Person_37,2025-06
453,2025-06-17,"11:21 PM","Money Received",Credit,500.00,Person_37,2025-06
454,2025-06-19,"12:15 PM","Person/Merchant Payment",Debit,60.00,Person_8,2025-06
455,2025-06-19,"12:47 PM","Person/Merchant Payment",Debit,10000.00,Person_6,2025-06
456,2025-06-19,"12:47 PM",Education/Fees,Debit,10000.00,Person_99,2025-06
457,2025-06-19,"05:23 PM","UPI Lite Top-up",Debit,500.00,Person_4,2025-06
458,2025-06-19,"06:12 PM","Money Received",Credit,60.00,Person_100,2025-06
459,2025-06-20,"10:29 AM","Money Received",Credit,2000.00,Person_101,2025-06
460,2025-06-20,"12:04 PM","Person/Merchant Payment",Debit,1645.00,Person_102,2025-06
461,2025-06-20,"12:57 PM","Person/Merchant Payment",Debit,140.00,Person_103,2025-06
462,2025-06-20,"01:10 PM","Person/Merchant Payment",Debit,70.00,Person_103,2025-06
463,2025-06-20,"01:13 PM","Person/Merchant Payment",Debit,70.00,Person_103,2025-06
464,2025-06-20,"01:21 PM","UPI Lite Top-up",Debit,70.00,Person_4,2025-06
465,2025-06-22,"06:13 PM","Money Received",Credit,40.00,Person_10,2025-06
466,2025-06-22,"06:17 PM","Person/Merchant Payment",Debit,40.00,Person_11,2025-06
467,2025-06-22,"08:56 PM","Money Received",Credit,30.00,Person_2,2025-06
468,2025-06-24,"04:08 PM","Money Received",Credit,1000.00,Person_1,2025-06
469,2025-06-24,"04:09 PM","Money Received",Credit,1000.00,Person_1,2025-06
470,2025-06-24,"04:22 PM","Money Received",Credit,240.00,Person_1,2025-06
471,2025-06-24,"04:23 PM","Money Received",Credit,200.00,Person_1,2025-06
472,2025-06-24,"09:00 PM","Money Received",Credit,29.00,Person_2,2025-06
473,2025-06-26,"09:49 AM","Person/Merchant Payment",Debit,3000.00,Person_84,2025-06
474,2025-06-26,"04:52 PM",Others,Debit,104.00,Person_29,2025-06
475,2025-06-29,"11:43 AM","Person/Merchant Payment",Debit,300.00,Person_104,2025-06
476,2025-07-01,"06:45 PM","Money Received",Credit,2000.00,Person_71,2025-07
477,2025-07-01,"09:40 PM","Money Received",Credit,180.00,Person_12,2025-07
478,2025-07-02,"10:01 AM","Person/Merchant Payment",Debit,120.00,Person_50,2025-07
479,2025-07-03,"12:38 AM","Person/Merchant Payment",Debit,120.00,Person_105,2025-07
480,2025-07-03,"10:59 AM","Person/Merchant Payment",Debit,2000.00,Person_7,2025-07
481,2025-07-03,"11:03 AM","Person/Merchant Payment",Debit,712.00,Person_7,2025-07
482,2025-07-03,"04:18 PM","Person/Merchant Payment",Debit,40.00,Person_106,2025-07
483,2025-07-03,"06:49 PM","Money Received",Credit,1000.00,Person_71,2025-07
484,2025-07-03,"07:29 PM","Person/Merchant Payment",Debit,1000.00,Person_7,2025-07
485,2025-07-03,"11:45 PM","Person/Merchant Payment",Debit,5000.00,Person_50,2025-07
486,2025-07-04,"09:37 AM","Money Received",Credit,5000.00,Person_50,2025-07
487,2025-07-04,"03:38 PM","Person/Merchant Payment",Debit,59.00,Person_34,2025-07
488,2025-07-04,"03:39 PM","Person/Merchant Payment",Debit,5.00,Person_34,2025-07
489,2025-07-04,"03:43 PM","Money Received",Credit,30.00,Person_50,2025-07
490,2025-07-04,"03:54 PM","Money Received",Credit,25.00,Person_107,2025-07
491,2025-07-04,"03:55 PM","Money Received",Credit,30.00,Person_17,2025-07
492,2025-07-05,"10:36 AM","Person/Merchant Payment",Debit,4000.00,Person_50,2025-07
493,2025-07-05,"02:52 PM","Person/Merchant Payment",Debit,200.00,Person_105,2025-07
494,2025-07-05,"07:20 PM","Person/Merchant Payment",Debit,1000.00,Person_108,2025-07
495,2025-07-05,"09:44 PM","Person/Merchant Payment",Debit,500.00,Person_40,2025-07
496,2025-07-05,"09:58 PM","Money Received",Credit,500.00,Person_40,2025-07
497,2025-07-07,"08:38 PM","Person/Merchant Payment",Debit,500.00,Person_40,2025-07
498,2025-07-07,"08:57 PM","Person/Merchant Payment",Debit,1000.00,Person_7,2025-07
499,2025-07-08,"11:48 AM","Money Received",Credit,5000.00,Person_109,2025-07
500,2025-07-08,"02:29 PM","Person/Merchant Payment",Debit,60.00,Person_110,2025-07
501,2025-07-08,"02:40 PM","Person/Merchant Payment",Debit,40.00,Person_47,2025-07
502,2025-07-08,"02:44 PM","Person/Merchant Payment",Debit,20.00,Person_34,2025-07
503,2025-07-08,"10:33 PM","Person/Merchant Payment",Debit,5000.00,Person_7,2025-07
504,2025-07-09,"10:11 AM","Money Received",Credit,175.00,Person_50,2025-07
505,2025-07-09,"10:13 AM",Others,Debit,174.00,Person_29,2025-07
506,2025-07-09,"10:35 AM","Person/Merchant Payment",Debit,1800.00,Person_111,2025-07
507,2025-07-09,"03:12 PM","Person/Merchant Payment",Debit,2000.00,Person_112,2025-07
508,2025-07-09,"03:16 PM","Money Received",Credit,1000.00,Person_12,2025-07
509,2025-07-09,"03:19 PM","Money Received",Credit,20.00,Person_1,2025-07
510,2025-07-09,"03:27 PM","Person/Merchant Payment",Debit,1000.00,Person_7,2025-07
511,2025-07-09,"09:47 PM","Person/Merchant Payment",Debit,2500.00,Person_50,2025-07
512,2025-07-12,"09:20 AM","Money Received",Credit,200.00,Person_12,2025-07
513,2025-07-13,"02:17 PM","Person/Merchant Payment",Debit,50.00,Person_15,2025-07
514,2025-07-13,"02:27 PM","Person/Merchant Payment",Debit,30.00,Person_113,2025-07
515,2025-07-13,"06:08 PM","Person/Merchant Payment",Debit,1200.00,Person_50,2025-07
516,2025-07-13,"06:30 PM","Person/Merchant Payment",Debit,300.00,Person_114,2025-07
517,2025-07-13,"06:37 PM","Person/Merchant Payment",Debit,70.00,Person_115,2025-07
518,2025-07-13,"06:42 PM","Person/Merchant Payment",Debit,62.00,Person_19,2025-07
519,2025-07-13,"06:44 PM","Person/Merchant Payment",Debit,25.00,Person_50,2025-07
520,2025-07-15,"10:14 AM","Person/Merchant Payment",Debit,72.00,Person_50,2025-07
521,2025-07-15,"10:35 AM","Person/Merchant Payment",Debit,50.00,Person_50,2025-07
522,2025-07-15,"01:42 PM","Person/Merchant Payment",Debit,1000.00,Person_116,2025-07
523,2025-07-15,"10:25 PM","Person/Merchant Payment",Debit,1000.00,Person_58,2025-07
524,2025-07-16,"04:34 AM",Others,Credit,174.00,Person_117,2025-07
525,2025-07-16,"04:34 AM",Others,Credit,174.00,Person_118,2025-07
526,2025-07-16,"09:57 PM","Person/Merchant Payment",Debit,1100.00,Person_50,2025-07
527,2025-07-16,"10:00 PM","Person/Merchant Payment",Debit,2000.00,Person_17,2025-07
528,2025-07-16,"10:07 PM","Person/Merchant Payment",Debit,574.00,Person_6,2025-07
529,2025-07-17,"09:18 AM","Money Received",Credit,2000.00,Person_12,2025-07
530,2025-07-17,"09:34 AM","Person/Merchant Payment",Debit,2000.00,Person_7,2025-07
531,2025-07-17,"09:29 PM","Person/Merchant Payment",Debit,174.00,Person_119,2025-07
532,2025-07-18,"08:25 PM","Person/Merchant Payment",Debit,1000.00,Person_10,2025-07
533,2025-07-19,"10:08 AM","Money Received",Credit,500.00,Person_12,2025-07
534,2025-07-19,"11:49 AM","Money Received",Credit,20.00,Person_12,2025-07
535,2025-07-19,"12:19 PM","Person/Merchant Payment",Debit,500.00,Person_120,2025-07
536,2025-07-19,"02:59 PM","Person/Merchant Payment",Debit,299.00,Person_121,2025-07
537,2025-07-19,"10:47 PM","Person/Merchant Payment",Debit,500.00,Person_75,2025-07
538,2025-07-20,"10:05 AM","Money Received",Credit,500.00,Person_75,2025-07
539,2025-07-21,"08:59 AM","Person/Merchant Payment",Debit,500.00,Person_122,2025-07
540,2025-07-21,"09:02 AM","Person/Merchant Payment",Debit,500.00,Person_7,2025-07
541,2025-07-22,"11:50 AM","Person/Merchant Payment",Debit,430.00,Person_123,2025-07
542,2025-07-22,"12:56 PM","Money Received",Credit,342.00,Person_12,2025-07
543,2025-07-22,"12:56 PM","Person/Merchant Payment",Debit,344.00,Person_12,2025-07
544,2025-07-22,"03:42 PM","Person/Merchant Payment",Debit,3000.00,Person_124,2025-07
545,2025-07-22,"06:02 PM","UPI Lite Top-up",Debit,3000.00,Person_4,2025-07
546,2025-07-22,"06:02 PM","Person/Merchant Payment",Debit,3000.00,Person_6,2025-07
547,2025-07-22,"08:12 PM","Money Received",Credit,2500.00,Person_50,2025-07
548,2025-07-22,"08:16 PM","Person/Merchant Payment",Debit,2500.00,Person_7,2025-07
549,2025-07-23,"11:16 AM","Person/Merchant Payment",Debit,1000.00,Person_125,2025-07
550,2025-07-23,"04:05 PM","Person/Merchant Payment",Debit,1000.00,Person_37,2025-07
551,2025-07-23,"08:19 PM","Money Received",Credit,930.00,Person_75,2025-07
552,2025-07-23,"08:22 PM","UPI Lite Top-up",Debit,500.00,Person_4,2025-07
553,2025-07-23,"08:22 PM","Person/Merchant Payment",Debit,430.00,Person_7,2025-07
554,2025-07-24,"08:12 AM","Person/Merchant Payment",Debit,1000.00,Person_12,2025-07
555,2025-07-24,"08:13 AM","Money Received",Credit,1000.00,Person_12,2025-07
556,2025-07-25,"09:33 AM","UPI Lite Top-up",Debit,1000.00,Person_4,2025-07
557,2025-07-25,"07:14 PM","Person/Merchant Payment",Debit,170.00,Person_37,2025-07
558,2025-07-26,"10:55 AM","Person/Merchant Payment",Debit,480.00,Person_126,2025-07
559,2025-07-27,"11:00 AM","Person/Merchant Payment",Debit,750.00,Person_119,2025-07
560,2025-07-27,"07:44 PM","Money Received",Credit,750.00,Person_2,2025-07
561,2025-07-27,"07:45 PM","UPI Lite Top-up",Debit,750.00,Person_4,2025-07
562,2025-07-30,"12:18 PM","Money Received",Credit,2000.00,Person_2,2025-07
563,2025-07-30,"12:23 PM","Person/Merchant Payment",Debit,2000.00,Person_101,2025-07
564,2025-08-01,"10:01 PM","Person/Merchant Payment",Debit,1000.00,Person_75,2025-08
565,2025-08-01,"10:01 PM","Person/Merchant Payment",Debit,1000.00,Person_75,2025-08
566,2025-08-03,"07:20 PM","Money Received",Credit,2000.00,Person_66,2025-08
567,2025-08-03,"10:04 PM","UPI Lite Top-up",Debit,2000.00,Person_4,2025-08
568,2025-08-03,"10:04 PM","Money Received",Credit,19.00,Person_12,2025-08
569,2025-08-04,"08:40 AM","Money Received",Credit,175.00,Person_2,2025-08
570,2025-08-04,"08:41 AM",Others,Debit,172.00,Person_29,2025-08
571,2025-08-04,"10:01 AM","Person/Merchant Payment",Debit,7500.00,Person_3,2025-08
572,2025-08-04,"10:16 AM","Person/Merchant Payment",Debit,1000.00,Person_75,2025-08
573,2025-08-04,"10:16 AM","Person/Merchant Payment",Debit,1000.00,Person_75,2025-08
574,2025-08-04,"11:38 AM",Recharge,Debit,302.00,Person_18,2025-08
575,2025-08-04,"12:25 PM","Money Received",Credit,302.00,Person_127,2025-08
576,2025-08-04,"12:58 PM","UPI Lite Top-up",Debit,302.00,Person_4,2025-08
577,2025-08-04,"03:44 PM","Money Received",Credit,217.00,Person_12,2025-08
578,2025-08-04,"03:44 PM","Money Received",Credit,31.00,Person_12,2025-08
579,2025-08-04,"03:45 PM",Others,Debit,263.00,Person_29,2025-08
580,2025-08-05,"01:53 PM","Money Received",Credit,3000.00,Person_12,2025-08
581,2025-08-06,"11:11 AM","Person/Merchant Payment",Debit,3000.00,Person_7,2025-08
582,2025-08-06,"01:50 PM","Money Received",Credit,100.00,Person_128,2025-08
583,2025-08-06,"01:52 PM","Money Received",Credit,10.00,Person_128,2025-08
584,2025-08-06,"01:53 PM","Money Received",Credit,90.00,Person_128,2025-08
585,2025-08-06,"01:55 PM","Money Received",Credit,200.00,Person_128,2025-08
586,2025-08-06,"07:11 PM","Money Received",Credit,7500.00,Person_45,2025-08
587,2025-08-06,"07:13 PM","Person/Merchant Payment",Debit,7500.00,Person_7,2025-08
588,2025-08-07,"01:04 PM","Money Received",Credit,1000.00,Person_129,2025-08
589,2025-08-08,"09:02 AM","Person/Merchant Payment",Debit,2640.00,Person_12,2025-08
590,2025-08-08,"09:04 AM","Person/Merchant Payment",Debit,3.00,Person_12,2025-08
591,2025-08-09,"09:55 AM","UPI Lite Top-up",Debit,1000.00,Person_4,2025-08
592,2025-08-09,"10:22 AM","Person/Merchant Payment",Debit,1000.00,Person_45,2025-08
593,2025-08-09,"12:32 PM","Person/Merchant Payment",Debit,1000.00,Person_45,2025-08
594,2025-08-09,"05:47 PM","Money Received",Credit,2400.00,Person_127,2025-08
595,2025-08-09,"06:11 PM","Person/Merchant Payment",Debit,600.00,Person_130,2025-08
596,2025-08-09,"06:13 PM","Person/Merchant Payment",Debit,600.00,Person_130,2025-08
597,2025-08-09,"06:16 PM","Person/Merchant Payment",Debit,600.00,Person_130,2025-08
598,2025-08-09,"06:19 PM","Person/Merchant Payment",Debit,600.00,Person_130,2025-08
599,2025-08-09,"07:44 PM","Person/Merchant Payment",Debit,10.00,Person_131,2025-08
600,2025-08-10,"04:33 AM",Others,Credit,172.00,Person_117,2025-08
601,2025-08-10,"04:33 AM",Others,Credit,172.00,Person_118,2025-08
602,2025-08-10,"07:10 AM",Others,Debit,170.00,Person_29,2025-08
603,2025-08-10,"01:17 PM","Person/Merchant Payment",Debit,4500.00,Person_50,2025-08
604,2025-08-11,"07:28 AM","Money Received",Credit,200.00,Person_132,2025-08
605,2025-08-11,"12:41 PM","Person/Merchant Payment",Debit,40.00,Person_133,2025-08
606,2025-08-11,"01:35 PM","Person/Merchant Payment",Debit,40.00,Person_134,2025-08
607,2025-08-11,"02:12 PM","Person/Merchant Payment",Debit,100.00,Person_12,2025-08
608,2025-08-11,"03:01 PM","UPI Lite Top-up",Debit,40.00,Person_4,2025-08
609,2025-08-11,"06:33 PM","Money Received",Credit,100.00,Person_12,2025-08
610,2025-08-11,"08:46 PM","Person/Merchant Payment",Debit,2571.00,Person_50,2025-08
611,2025-08-12,"10:33 AM","Money Received",Credit,167.00,Person_2,2025-08
612,2025-08-12,"10:33 AM","Money Received",Credit,263.00,Person_17,2025-08
613,2025-08-12,"10:35 AM","Money Received",Credit,100.00,Person_2,2025-08
614,2025-08-12,"10:39 AM","Person/Merchant Payment",Debit,1000.00,Person_7,2025-08
615,2025-08-12,"12:17 PM","Money Received",Credit,800.00,Person_12,2025-08
616,2025-08-12,"06:19 PM","Person/Merchant Payment",Debit,100.00,Person_45,2025-08
617,2025-08-13,"07:22 AM","Person/Merchant Payment",Debit,10.00,Person_17,2025-08
618,2025-08-13,"07:39 PM","Person/Merchant Payment",Debit,533.00,Person_17,2025-08
619,2025-08-13,"07:52 PM","Person/Merchant Payment",Debit,350.00,Person_135,2025-08
620,2025-08-13,"07:57 PM","Person/Merchant Payment",Debit,40.00,Person_136,2025-08
621,2025-08-13,"08:08 PM","Money Received",Credit,510.00,Person_37,2025-08
622,2025-08-13,"09:10 PM","Person/Merchant Payment",Debit,510.00,Person_45,2025-08
623,2025-08-14,"11:59 AM","Person/Merchant Payment",Debit,1000.00,Person_15,2025-08
624,2025-08-14,"12:14 PM","Money Received",Credit,26000.00,Person_12,2025-08
625,2025-08-14,"12:50 PM","Person/Merchant Payment",Debit,3000.00,Person_7,2025-08
626,2025-08-14,"12:51 PM","UPI Lite Top-up",Debit,500.00,Person_4,2025-08
627,2025-08-14,"08:16 PM","Person/Merchant Payment",Debit,30.00,Person_137,2025-08
628,2025-08-14,"09:26 PM","Person/Merchant Payment",Debit,1000.00,Person_119,2025-08
629,2025-08-15,"11:12 AM","Person/Merchant Payment",Debit,10.00,Person_50,2025-08
630,2025-08-15,"08:44 PM","Person/Merchant Payment",Debit,19.00,Person_138,2025-08
631,2025-08-15,"10:22 PM","Person/Merchant Payment",Debit,230.00,Person_139,2025-08
632,2025-08-15,"10:24 PM","Person/Merchant Payment",Debit,100.00,Person_140,2025-08
633,2025-08-16,"08:53 AM","Person/Merchant Payment",Debit,20.00,Person_50,2025-08
634,2025-08-16,"09:28 AM","Money Received",Credit,350.00,Person_50,2025-08
635,2025-08-16,"10:06 AM","Person/Merchant Payment",Debit,5000.00,Person_50,2025-08
636,2025-08-16,"03:26 PM","Money Received",Credit,14000.00,Person_128,2025-08
637,2025-08-16,"03:30 PM",Education/Fees,Debit,34000.00,Person_5,2025-08
638,2025-08-16,"04:32 PM","Money Received",Credit,14.00,Person_50,2025-08
639,2025-08-16,"09:19 PM","Money Received",Credit,500.00,Person_2,2025-08
640,2025-08-17,"03:38 PM","Money Received",Credit,100.00,Person_141,2025-08
641,2025-08-17,"03:41 PM","Money Received",Credit,220.00,Person_2,2025-08
642,2025-08-17,"05:13 PM","Person/Merchant Payment",Debit,30.00,Person_142,2025-08
643,2025-08-17,"08:06 PM","Person/Merchant Payment",Debit,500.00,Person_119,2025-08
644,2025-08-17,"08:57 PM","Money Received",Credit,2000.00,Person_128,2025-08
645,2025-08-17,"09:14 PM","Person/Merchant Payment",Debit,1000.00,Person_7,2025-08
646,2025-08-17,"11:33 PM","Money Received",Credit,2000.00,Person_15,2025-08
647,2025-08-17,"11:34 PM","Money Received",Credit,4.00,Person_15,2025-08
648,2025-08-17,"11:34 PM","Person/Merchant Payment",Debit,2003.54,Person_143,2025-08
649,2025-08-18,"01:53 PM","Person/Merchant Payment",Debit,18000.00,Person_144,2025-08
650,2025-08-19,"02:19 PM","Money Received",Credit,500.00,Person_45,2025-08
651,2025-08-19,"07:05 PM","Person/Merchant Payment",Debit,34.00,Person_145,2025-08
652,2025-08-19,"10:26 PM","Money Received",Credit,20.00,Person_50,2025-08
653,2025-08-19,"10:27 PM","Person/Merchant Payment",Debit,15.00,Person_15,2025-08
654,2025-08-20,"08:56 PM","Person/Merchant Payment",Debit,2000.00,Person_146,2025-08
655,2025-08-20,"08:57 PM","Person/Merchant Payment",Debit,34.00,Person_146,2025-08
656,2025-08-21,"11:18 AM","Person/Merchant Payment",Debit,500.00,Person_76,2025-08
657,2025-08-21,"09:32 PM","Person/Merchant Payment",Debit,10.00,Person_147,2025-08
658,2025-08-22,"10:52 AM","Money Received",Credit,50000.00,Person_148,2025-08
659,2025-08-22,"11:06 AM","Money Received",Credit,30000.00,Person_148,2025-08
660,2025-08-22,"11:54 AM",Education/Fees,Debit,50000.00,Person_5,2025-08
661,2025-08-22,"11:55 AM",Education/Fees,Debit,30000.00,Person_5,2025-08
662,2025-08-22,"05:10 PM","Money Received",Credit,100.00,Person_128,2025-08
663,2025-08-23,"04:39 PM","Money Received",Credit,20000.00,Person_148,2025-08
664,2025-08-23,"06:56 PM","Person/Merchant Payment",Debit,19000.00,Person_76,2025-08
665,2025-08-23,"08:15 PM","Money Received",Credit,2000.00,Person_66,2025-08
666,2025-08-24,"10:10 AM","UPI Lite Top-up",Debit,2000.00,Person_4,2025-08
667,2025-08-24,"11:47 AM","Person/Merchant Payment",Debit,300.00,Person_45,2025-08
668,2025-08-25,"11:22 AM",Education/Fees,Debit,15000.00,Person_5,2025-08
669,2025-08-25,"08:45 PM","Person/Merchant Payment",Debit,45.00,Person_149,2025-08
670,2025-08-25,"08:48 PM","Money Received",Credit,45.00,Person_1,2025-08
671,2025-08-25,"08:55 PM","Money Received",Credit,7000.00,Person_1,2025-08
672,2025-08-25,"09:06 PM","Person/Merchant Payment",Debit,1000.00,Person_76,2025-08
673,2025-08-26,"12:59 PM","Person/Merchant Payment",Debit,500.00,Person_75,2025-08
674,2025-08-26,"07:19 PM","Person/Merchant Payment",Debit,10.00,Person_147,2025-08
675,2025-08-26,"11:39 PM","Money Received",Credit,500.00,Person_75,2025-08
676,2025-08-27,"12:35 PM","Person/Merchant Payment",Debit,500.00,Person_37,2025-08
677,2025-08-27,"08:10 PM","Money Received",Credit,1500.00,Person_150,2025-08
678,2025-08-29,"06:26 PM","Person/Merchant Payment",Debit,60.00,Person_45,2025-08
679,2025-08-30,"12:33 PM","Person/Merchant Payment",Debit,70.00,Person_151,2025-08
680,2025-08-30,"05:40 PM","Person/Merchant Payment",Debit,72.00,Person_152,2025-08
681,2025-08-30,"08:04 PM","Person/Merchant Payment",Debit,20.00,Person_136,2025-08
682,2025-08-31,"05:38 PM","Person/Merchant Payment",Debit,704.00,Person_153,2025-08
683,2025-08-31,"07:49 PM","Money Received",Credit,140.00,Person_2,2025-08
684,2025-08-31,"10:19 PM","Person/Merchant Payment",Debit,28.00,Person_76,2025-08
685,2025-08-31,"10:19 PM","Person/Merchant Payment",Debit,25.00,Person_15,2025-08
686,2025-08-31,"10:23 PM","Money Received",Credit,20.00,Person_11,2025-08
687,2025-09-01,"05:32 PM","Money Received",Credit,450.00,Person_45,2025-09
688,2025-09-02,"09:16 AM","Money Received",Credit,367.00,Person_2,2025-09
689,2025-09-02,"01:50 PM","Money Received",Credit,1000.00,Person_128,2025-09
690,2025-09-02,"01:55 PM","Money Received",Credit,650.00,Person_2,2025-09
691,2025-09-02,"07:18 PM","Person/Merchant Payment",Debit,20.00,Person_138,2025-09
692,2025-09-03,"11:37 AM","Person/Merchant Payment",Debit,8.00,Person_8,2025-09
693,2025-09-03,"07:11 PM","Person/Merchant Payment",Debit,57.00,Person_154,2025-09
694,2025-09-04,"04:59 PM","UPI Lite Top-up",Debit,103.00,Person_4,2025-09
695,2025-09-04,"05:14 PM","Person/Merchant Payment",Debit,50.00,Person_45,2025-09
696,2025-09-05,"03:12 PM","Money Received",Credit,70.00,Person_50,2025-09
697,2025-09-05,"05:00 PM","Person/Merchant Payment",Debit,3.00,Person_154,2025-09
698,2025-09-05,"05:03 PM","Person/Merchant Payment",Debit,20.00,Person_154,2025-09
699,2025-09-05,"06:57 PM","Person/Merchant Payment",Debit,200.00,Person_37,2025-09
700,2025-09-06,"01:14 PM","Money Received",Credit,100.00,Person_128,2025-09
701,2025-09-06,"04:12 PM","Money Received",Credit,3000.00,Person_45,2025-09
702,2025-09-06,"04:13 PM","Person/Merchant Payment",Debit,2500.00,Person_3,2025-09
703,2025-09-06,"06:50 PM","Person/Merchant Payment",Debit,1000.00,Person_84,2025-09
704,2025-09-07,"12:12 AM","Money Received",Credit,81.00,Person_2,2025-09
705,2025-09-07,"12:08 PM","Money Received",Credit,150.00,Person_155,2025-09
706,2025-09-07,"12:39 PM","Person/Merchant Payment",Debit,150.00,Person_7,2025-09
707,2025-09-07,"03:20 PM","Person/Merchant Payment",Debit,1000.00,Person_156,2025-09
708,2025-09-07,"06:40 PM","Person/Merchant Payment",Debit,40.00,Person_15,2025-09
709,2025-09-07,"06:40 PM","Person/Merchant Payment",Debit,2.00,Person_15,2025-09
710,2025-09-08,"04:21 PM","Person/Merchant Payment",Debit,54.00,Person_138,2025-09
711,2025-09-08,"04:42 PM","Money Received",Credit,50.00,Person_157,2025-09
712,2025-09-08,"06:47 PM","Money Received",Credit,10.00,Person_2,2025-09
713,2025-09-10,"06:58 PM","Money Received",Credit,1000.00,Person_84,2025-09
714,2025-09-10,"07:41 PM","UPI Lite Top-up",Debit,1000.00,Person_4,2025-09
715,2025-09-11,"12:32 AM","Person/Merchant Payment",Debit,300.00,Person_6,2025-09
716,2025-09-11,"10:15 AM","Money Received",Credit,700.00,Person_1,2025-09
717,2025-09-11,"11:09 AM","Person/Merchant Payment",Debit,3.00,Person_8,2025-09
718,2025-09-11,"11:14 AM","Person/Merchant Payment",Debit,20.00,Person_8,2025-09
719,2025-09-12,"10:55 AM","Money Received",Credit,2000.00,Person_2,2025-09
720,2025-09-12,"05:52 PM","Money Received",Credit,300.00,Person_45,2025-09
721,2025-09-12,"10:28 PM","Person/Merchant Payment",Debit,500.00,Person_156,2025-09
722,2025-09-13,"02:53 PM","Person/Merchant Payment",Debit,50.00,Person_45,2025-09
723,2025-09-13,"03:52 PM","Money Received",Credit,245.00,Person_2,2025-09
724,2025-09-13,"05:22 PM","Person/Merchant Payment",Debit,150.00,Person_45,2025-09
725,2025-09-13,"11:02 PM","Person/Merchant Payment",Debit,200.00,Person_45,2025-09
726,2025-09-14,"06:49 PM","Person/Merchant Payment",Debit,700.00,Person_12,2025-09
727,2025-09-15,"10:15 AM","Person/Merchant Payment",Debit,1000.00,Person_75,2025-09
728,2025-09-15,"11:16 AM","Person/Merchant Payment",Debit,200.00,Person_6,2025-09
729,2025-09-15,"06:21 PM","Person/Merchant Payment",Debit,20.00,Person_158,2025-09
730,2025-09-17,"12:07 PM","Money Received",Credit,114.00,Person_50,2025-09
731,2025-09-17,"09:57 PM","Money Received",Credit,2500.00,Person_159,2025-09
732,2025-09-18,"09:03 PM","Money Received",Credit,1000.00,Person_15,2025-09
733,2025-09-19,"12:37 PM","Money Received",Credit,14000.00,Person_160,2025-09
734,2025-09-19,"07:48 PM","Money Received",Credit,500.00,Person_45,2025-09
735,2025-09-19,"08:39 PM","UPI Lite Top-up",Debit,500.00,Person_4,2025-09
736,2025-09-20,"09:56 AM","Person/Merchant Payment",Debit,1000.00,Person_161,2025-09
737,2025-09-21,"10:24 AM","Money Received",Credit,4000.00,Person_2,2025-09
738,2025-09-21,"11:40 AM","Person/Merchant Payment",Debit,4000.00,Person_119,2025-09
739,2025-09-21,"09:28 PM","Person/Merchant Payment",Debit,1000.00,Person_162,2025-09
740,2025-09-21,"09:47 PM","Money Received",Credit,1000.00,Person_128,2025-09
741,2025-09-21,"09:48 PM","UPI Lite Top-up",Debit,1000.00,Person_4,2025-09
742,2025-09-22,"09:32 AM","Money Received",Credit,2000.00,Person_128,2025-09
743,2025-09-22,"02:45 PM","Person/Merchant Payment",Debit,16000.00,Person_163,2025-09
744,2025-09-22,"04:33 PM","Money Received",Credit,350.00,Person_45,2025-09
745,2025-09-22,"10:51 PM","Money Received",Credit,2000.00,Person_10,2025-09
746,2025-09-23,"10:30 AM","Person/Merchant Payment",Debit,3000.00,Person_162,2025-09
747,2025-09-23,"10:30 AM","Person/Merchant Payment",Debit,1000.00,Person_12,2025-09
748,2025-09-23,"10:31 AM","Money Received",Credit,1000.00,Person_12,2025-09
749,2025-09-23,"10:32 AM","Money Received",Credit,4000.00,Person_128,2025-09
750,2025-09-23,"01:34 PM","Money Received",Credit,870.00,Person_12,2025-09
751,2025-09-23,"04:50 PM","Money Received",Credit,1000.00,Person_66,2025-09
752,2025-09-25,"08:02 AM","Money Received",Credit,15000.00,Person_150,2025-09
753,2025-09-25,"08:49 AM","Money Received",Credit,14000.00,Person_10,2025-09
754,2025-09-25,"08:50 AM",Education/Fees,Debit,14000.00,Person_5,2025-09
755,2025-09-25,"09:44 AM","Person/Merchant Payment",Debit,1000.00,Person_6,2025-09
756,2025-09-25,"09:44 AM","Person/Merchant Payment",Debit,2000.00,Person_156,2025-09
757,2025-09-25,"10:42 PM","Money Received",Credit,1500.00,Person_10,2025-09
758,2025-09-26,"07:10 PM","Money Received",Credit,1000.00,Person_2,2025-09
759,2025-09-26,"10:09 PM","Money Received",Credit,500.00,Person_37,2025-09
760,2025-09-27,"02:00 PM","Person/Merchant Payment",Debit,44.00,Person_164,2025-09
761,2025-09-27,"02:12 PM","Person/Merchant Payment",Debit,180.00,Person_156,2025-09
762,2025-09-27,"04:37 PM","Person/Merchant Payment",Debit,40.00,Person_165,2025-09
763,2025-09-27,"07:20 PM","Person/Merchant Payment",Debit,40.00,Person_166,2025-09
764,2025-09-28,"11:21 AM","Person/Merchant Payment",Debit,1000.00,Person_161,2025-09
765,2025-09-28,"02:01 PM","Person/Merchant Payment",Debit,500.00,Person_161,2025-09
766,2025-09-28,"05:09 PM","Person/Merchant Payment",Debit,500.00,Person_15,2025-09
767,2025-09-28,"06:37 PM","Person/Merchant Payment",Debit,300.00,Person_156,2025-09
768,2025-09-28,"07:47 PM","Person/Merchant Payment",Debit,500.00,Person_161,2025-09
769,2025-09-28,"08:59 PM","Money Received",Credit,300.00,Person_156,2025-09
770,2025-09-29,"12:45 PM","Money Received",Credit,100.00,Person_3,2025-09
771,2025-09-29,"12:47 PM","Person/Merchant Payment",Debit,48.00,Person_8,2025-09
772,2025-09-29,"12:50 PM","Person/Merchant Payment",Debit,45.00,Person_167,2025-09
773,2025-09-29,"05:57 PM","Person/Merchant Payment",Debit,700.00,Person_76,2025-09
774,2025-09-29,"09:22 PM","Person/Merchant Payment",Debit,10.00,Person_168,2025-09
775,2025-09-30,"05:22 PM","Person/Merchant Payment",Debit,25.00,Person_169,2025-09
776,2025-10-01,"10:32 PM","Person/Merchant Payment",Debit,207.00,Blinkit,2025-10
777,2025-10-02,"01:38 AM","Person/Merchant Payment",Debit,300.00,Person_156,2025-10
778,2025-10-03,"10:31 PM","Money Received",Credit,5000.00,Person_50,2025-10
779,2025-10-03,"10:48 PM","Person/Merchant Payment",Debit,5000.00,Person_156,2025-10
780,2025-10-04,"11:30 AM",Others,Debit,183.00,Person_29,2025-10
781,2025-10-04,"11:53 AM","Money Received",Credit,2000.00,Person_128,2025-10
782,2025-10-04,"12:19 PM","Person/Merchant Payment",Debit,2000.00,Person_156,2025-10
783,2025-10-06,"09:18 AM","Money Received",Credit,15.00,Person_50,2025-10
784,2025-10-07,"06:00 PM","Person/Merchant Payment",Debit,1.00,Person_170,2025-10
785,2025-10-08,"10:59 AM","Person/Merchant Payment",Debit,135.00,Person_171,2025-10
786,2025-10-08,"01:27 PM","Money Received",Credit,350.00,Person_170,2025-10
787,2025-10-08,"02:11 PM","Person/Merchant Payment",Debit,50.00,Person_50,2025-10
788,2025-10-09,"04:07 PM",Others,Debit,109.00,Person_29,2025-10
789,2025-10-09,"04:18 PM",Others,Debit,87.00,Person_29,2025-10
790,2025-10-11,"06:34 PM","Money Received",Credit,270.00,Person_50,2025-10
791,2025-10-11,"06:36 PM","Person/Merchant Payment",Debit,150.00,Person_172,2025-10
792,2025-10-11,"06:39 PM","Person/Merchant Payment",Debit,100.00,Person_76,2025-10
793,2025-10-11,"06:40 PM","Person/Merchant Payment",Debit,50.00,Person_50,2025-10
794,2025-10-11,"06:42 PM","Person/Merchant Payment",Debit,85.00,Person_15,2025-10
795,2025-10-12,"01:25 PM",Others,Credit,183.00,Person_117,2025-10
796,2025-10-12,"01:25 PM",Others,Credit,183.00,Person_118,2025-10
797,2025-10-12,"01:32 PM",Others,Debit,183.00,Person_29,2025-10
798,2025-10-13,"11:30 AM","Person/Merchant Payment",Debit,19.00,Person_138,2025-10
799,2025-10-15,"10:39 AM","Person/Merchant Payment",Debit,165.00,Person_171,2025-10
800,2025-10-15,"10:01 PM","Money Received",Credit,2200.00,Person_173,2025-10
801,2025-10-16,"10:39 AM","Money Received",Credit,2500.00,Person_10,2025-10
802,2025-10-16,"10:45 AM","Money Received",Credit,700.00,Person_1,2025-10
803,2025-10-16,"10:47 AM","Person/Merchant Payment",Debit,2500.00,Person_156,2025-10
804,2025-10-16,"11:26 AM","Person/Merchant Payment",Debit,27.00,Person_8,2025-10
805,2025-10-16,"07:43 PM",Others,Credit,87.00,Person_117,2025-10
806,2025-10-16,"07:43 PM",Others,Credit,87.00,Person_118,2025-10
807,2025-10-16,"08:30 PM","Food & Dining",Debit,65.00,Person_174,2025-10
808,2025-10-17,"01:19 PM","Money Received",Credit,65.00,Person_2,2025-10
809,2025-10-17,"02:05 PM","Person/Merchant Payment",Debit,222.00,Person_175,2025-10
810,2025-10-17,"05:18 PM","Person/Merchant Payment",Debit,2500.00,Person_156,2025-10
811,2025-10-19,"09:18 AM","Money Received",Credit,2500.00,Person_156,2025-10
812,2025-10-19,"04:38 PM","Person/Merchant Payment",Debit,525.00,Person_119,2025-10
813,2025-10-19,"06:41 PM","Person/Merchant Payment",Debit,2000.00,Person_156,2025-10
814,2025-10-20,"10:05 AM","Money Received",Credit,1300.00,Person_1,2025-10
815,2025-10-20,"10:05 AM","Person/Merchant Payment",Debit,1300.00,Person_156,2025-10
816,2025-10-20,"05:57 PM","Person/Merchant Payment",Debit,99.00,Person_176,2025-10
817,2025-10-21,"06:11 PM","Person/Merchant Payment",Debit,40.00,Person_12,2025-10
818,2025-10-22,"01:23 PM","Money Received",Credit,40.00,Person_12,2025-10
819,2025-10-22,"02:59 PM",Others,Debit,106.00,Person_29,2025-10
820,2025-10-22,"03:25 PM","Money Received",Credit,11000.00,Person_101,2025-10
821,2025-10-22,"03:25 PM","Person/Merchant Payment",Debit,11000.00,Person_119,2025-10
822,2025-10-22,"03:30 PM","Money Received",Credit,11000.00,Person_2,2025-10
823,2025-10-23,"12:01 PM","Person/Merchant Payment",Debit,11000.00,Person_101,2025-10
824,2025-10-24,"10:24 AM","Person/Merchant Payment",Debit,25.00,Person_177,2025-10
825,2025-10-24,"11:05 AM","Person/Merchant Payment",Debit,60.00,Person_178,2025-10
826,2025-10-24,"12:51 PM","Person/Merchant Payment",Debit,59.00,Person_179,2025-10
827,2025-10-24,"04:27 PM","Money Received",Credit,600.00,Person_101,2025-10
828,2025-10-24,"05:00 PM","Money Received",Credit,900.00,Person_2,2025-10
829,2025-10-24,"09:16 PM","Person/Merchant Payment",Debit,300.00,Person_156,2025-10
830,2025-10-25,"06:46 PM","Person/Merchant Payment",Debit,10.00,Person_180,2025-10
831,2025-10-26,"12:38 AM","Money Received",Credit,61.74,Person_181,2025-10
832,2025-10-26,"12:39 AM","UPI Lite Top-up",Debit,61.00,Person_4,2025-10
833,2025-10-26,"10:10 PM","Money Received",Credit,271.62,Person_181,2025-10
834,2025-10-26,"10:11 PM","UPI Lite Top-up",Debit,271.00,Person_4,2025-10
835,2025-10-27,"12:48 AM","Money Received",Credit,1000.00,Person_2,2025-10
836,2025-10-27,"12:50 AM","Money Received",Credit,500.00,Person_2,2025-10
837,2025-10-27,"08:59 AM","Person/Merchant Payment",Debit,9.00,Person_138,2025-10
838,2025-10-27,"03:37 PM","Money Received",Credit,400.00,Person_50,2025-10
839,2025-10-27,"06:05 PM","Money Received",Credit,1000.00,Person_2,2025-10
840,2025-10-27,"07:56 PM","Person/Merchant Payment",Debit,500.00,Person_156,2025-10
841,2025-10-27,"08:36 PM","Person/Merchant Payment",Debit,1000.00,Person_182,2025-10
842,2025-10-27,"11:26 PM","Person/Merchant Payment",Debit,3500.00,Person_156,2025-10
843,2025-10-27,"11:26 PM","Person/Merchant Payment",Debit,1500.00,Person_156,2025-10
844,2025-10-28,"12:06 AM","Money Received",Credit,345.87,Person_181,2025-10
845,2025-10-28,"12:21 AM","UPI Lite Top-up",Debit,345.00,Person_4,2025-10
846,2025-10-28,"01:44 AM","Person/Merchant Payment",Debit,20.00,Person_183,2025-10
847,2025-10-28,"12:07 PM","Money Received",Credit,1000.00,Person_101,2025-10
848,2025-10-28,"12:29 PM","Money Received",Credit,1000.00,Person_184,2025-10
849,2025-10-28,"03:44 PM","Person/Merchant Payment",Debit,800.00,Person_185,2025-10
850,2025-10-29,"08:48 AM","Person/Merchant Payment",Debit,200.00,Person_186,2025-10
851,2025-10-29,"01:55 PM","Person/Merchant Payment",Debit,166.00,Person_17,2025-10
852,2025-10-29,"06:54 PM","Person/Merchant Payment",Debit,100.00,Person_156,2025-10
853,2025-10-30,"09:42 AM","Money Received",Credit,411.21,Person_187,2025-10
854,2025-10-30,"11:54 AM","UPI Lite Top-up",Debit,411.00,Person_4,2025-10
855,2025-10-30,"12:33 PM","Person/Merchant Payment",Debit,400.00,Person_188,2025-10
856,2025-10-30,"12:42 PM","Person/Merchant Payment",Debit,160.00,Person_189,2025-10
857,2025-10-30,"02:40 PM","Person/Merchant Payment",Debit,1500.00,Person_156,2025-10
858,2025-10-30,"03:46 PM","Money Received",Credit,350.00,Person_17,2025-10
859,2025-10-30,"03:48 PM","Person/Merchant Payment",Debit,200.00,Person_190,2025-10
860,2025-10-30,"04:07 PM","UPI Lite Top-up",Debit,150.00,Person_4,2025-10
861,2025-10-31,"08:02 PM","Person/Merchant Payment",Debit,70.00,Person_180,2025-10
862,2025-11-01,"12:07 AM","Money Received",Credit,1500.00,Person_182,2025-11
863,2025-11-01,"12:13 AM","Person/Merchant Payment",Debit,1500.00,Person_50,2025-11
864,2025-11-01,"12:16 AM","Person/Merchant Payment",Debit,500.00,Person_50,2025-11
865,2025-11-01,"07:24 PM","Food & Dining",Debit,450.00,Person_174,2025-11
866,2025-11-01,"07:24 PM","Person/Merchant Payment",Debit,300.00,Person_6,2025-11
867,2025-11-01,"08:58 PM","Person/Merchant Payment",Debit,14.00,Person_138,2025-11
868,2025-11-01,"10:38 PM","Money Received",Credit,500.00,Person_191,2025-11
869,2025-11-02,"12:43 PM","Person/Merchant Payment",Debit,100.00,Person_17,2025-11
870,2025-11-02,"12:44 PM","Money Received",Credit,100.00,Person_17,2025-11
871,2025-11-02,"01:38 PM",Others,Credit,183.00,Person_117,2025-11
872,2025-11-02,"01:38 PM",Others,Credit,183.00,Person_118,2025-11
873,2025-11-03,"08:48 PM","Food & Dining",Debit,15.00,Person_174,2025-11
874,2025-11-04,"07:41 AM","Money Received",Credit,500.00,Person_186,2025-11
875,2025-11-04,"08:40 AM","Person/Merchant Payment",Debit,500.00,Person_186,2025-11
876,2025-11-04,"09:10 AM","Money Received",Credit,500.00,Person_186,2025-11
877,2025-11-04,"09:30 AM","Person/Merchant Payment",Debit,500.00,Person_50,2025-11
878,2025-11-04,"09:55 AM","Person/Merchant Payment",Debit,12.00,Person_8,2025-11
879,2025-11-04,"10:19 AM","Person/Merchant Payment",Debit,2.00,Person_8,2025-11
880,2025-11-05,"12:55 AM","Money Received",Credit,501.30,Person_181,2025-11
881,2025-11-05,"12:27 PM","Money Received",Credit,1000.00,Person_182,2025-11
882,2025-11-05,"01:36 PM","Money Received",Credit,200.00,Person_2,2025-11
883,2025-11-05,"01:38 PM","Person/Merchant Payment",Debit,1183.06,Person_192,2025-11
884,2025-11-05,"02:20 PM","Money Received",Credit,985.00,Person_2,2025-11
885,2025-11-05,"02:20 PM","Person/Merchant Payment",Debit,1000.00,Person_182,2025-11
886,2025-11-05,"03:05 PM","Person/Merchant Payment",Debit,25.00,Person_17,2025-11
887,2025-11-07,"01:50 PM","Money Received",Credit,2000.00,Person_37,2025-11
888,2025-11-07,"01:54 PM","Person/Merchant Payment",Debit,2000.00,Person_193,2025-11
889,2025-11-08,"07:40 PM","Person/Merchant Payment",Debit,500.00,Person_12,2025-11
890,2025-11-09,"02:38 PM","Money Received",Credit,2000.00,Person_45,2025-11
891,2025-11-09,"03:21 PM","Person/Merchant Payment",Debit,2000.00,Person_193,2025-11
892,2025-11-09,"04:04 PM","Money Received",Credit,500.00,Person_45,2025-11
893,2025-11-09,"04:27 PM","Person/Merchant Payment",Debit,500.00,Person_172,2025-11
894,2025-11-09,"08:06 PM","Money Received",Credit,150.00,Person_155,2025-11
895,2025-11-09,"08:55 PM","Person/Merchant Payment",Debit,150.00,Person_172,2025-11
896,2025-11-10,"01:30 PM","Person/Merchant Payment",Debit,50.00,Person_194,2025-11
897,2025-11-10,"01:42 PM","Money Received",Credit,1017.55,Person_187,2025-11
898,2025-11-10,"08:03 PM","Money Received",Credit,200.00,Person_12,2025-11
899,2025-11-11,"12:54 PM","Person/Merchant Payment",Debit,606.00,Person_195,2025-11
900,2025-11-11,"01:50 PM","Money Received",Credit,1500.00,Person_45,2025-11
901,2025-11-11,"11:13 PM","Money Received",Credit,129.06,Person_187,2025-11
902,2025-11-12,"01:53 PM","Money Received",Credit,101.00,Person_12,2025-11
903,2025-11-13,"08:11 PM","Person/Merchant Payment",Debit,3500.00,Person_76,2025-11
904,2025-11-14,"04:07 PM","Money Received",Credit,10000.00,Person_45,2025-11
905,2025-11-14,"04:34 PM","Person/Merchant Payment",Debit,9000.00,Person_45,2025-11
906,2025-11-14,"04:34 PM","Person/Merchant Payment",Debit,1000.00,Person_45,2025-11
907,2025-11-15,"10:48 AM","Person/Merchant Payment",Debit,20.00,Person_196,2025-11
908,2025-11-15,"11:12 AM","Person/Merchant Payment",Debit,100.00,Person_197,2025-11
909,2025-11-15,"04:35 PM","Person/Merchant Payment",Debit,60.00,Person_196,2025-11
910,2025-11-16,"10:15 AM","Person/Merchant Payment",Debit,1000.00,Person_198,2025-11
911,2025-11-17,"11:40 AM","Person/Merchant Payment",Debit,100.00,Person_199,2025-11
912,2025-11-17,"06:57 PM","Person/Merchant Payment",Debit,1000.00,Person_45,2025-11
913,2025-11-17,"07:00 PM","Money Received",Credit,1000.00,Person_45,2025-11
914,2025-11-17,"10:58 PM","Person/Merchant Payment",Debit,1000.00,Person_45,2025-11
915,2025-11-18,"09:13 AM","Money Received",Credit,1000.00,Person_45,2025-11
916,2025-11-18,"06:49 PM","Person/Merchant Payment",Debit,1000.00,Person_45,2025-11
917,2025-11-18,"10:03 PM","Money Received",Credit,1.00,Person_200,2025-11
918,2025-11-18,"10:07 PM","Money Received",Credit,1.00,Person_200,2025-11
919,2025-11-18,"10:10 PM","Money Received",Credit,1000.00,Person_200,2025-11
920,2025-11-19,"11:08 AM","Person/Merchant Payment",Debit,40.00,Person_201,2025-11
921,2025-11-19,"11:32 PM","Money Received",Credit,534.96,Person_181,2025-11
922,2025-11-20,"05:31 PM","Food & Dining",Debit,180.00,Person_174,2025-11
923,2025-11-20,"05:36 PM","Money Received",Credit,200.00,Person_12,2025-11
924,2025-11-21,"01:53 PM","Person/Merchant Payment",Debit,60.00,Person_110,2025-11
925,2025-11-22,"09:38 AM","Person/Merchant Payment",Debit,9.00,Person_180,2025-11
926,2025-11-25,"04:04 PM","Person/Merchant Payment",Debit,100.00,Person_45,2025-11
927,2025-11-25,"05:09 PM","Money Received",Credit,100.00,Person_45,2025-11
928,2025-11-25,"05:54 PM","Money Received",Credit,46.00,Person_1,2025-11
929,2025-11-26,"08:54 PM","Person/Merchant Payment",Debit,200.00,Person_15,2025-11
930,2025-11-26,"10:02 PM","Money Received",Credit,160.00,Person_2,2025-11
931,2025-11-28,"05:26 PM","Person/Merchant Payment",Debit,19.00,Person_138,2025-11
932,2025-11-28,"06:30 PM","Person/Merchant Payment",Debit,36.00,Person_161,2025-11
933,2025-11-28,"06:31 PM","Person/Merchant Payment",Debit,40.00,Person_17,2025-11
934,2025-11-28,"06:35 PM","Person/Merchant Payment",Debit,76.00,Person_17,2025-11
935,2025-11-28,"06:36 PM","Person/Merchant Payment",Debit,26.00,Person_119,2025-11
936,2025-11-28,"06:42 PM","Money Received",Credit,206.40,Person_187,2025-11
937,2025-11-28,"06:52 PM","Person/Merchant Payment",Debit,3.00,Person_17,2025-11
938,2025-11-28,"06:54 PM","Money Received",Credit,20.00,Person_17,2025-11
939,2025-11-29,"12:36 PM","Person/Merchant Payment",Debit,9.00,Person_8,2025-11
940,2025-11-29,"05:46 PM","Money Received",Credit,3000.00,Person_50,2025-11
941,2025-11-29,"07:36 PM","Person/Merchant Payment",Debit,1000.00,Person_78,2025-11
942,2025-11-29,"09:07 PM","Person/Merchant Payment",Debit,1000.00,Person_78,2025-11
943,2025-11-30,"08:02 PM","Person/Merchant Payment",Debit,1000.00,Person_50,2025-11
944,2025-12-01,"05:50 PM","Person/Merchant Payment",Debit,25.00,Person_119,2025-12
945,2025-12-02,"11:09 PM","Person/Merchant Payment",Debit,2000.00,Person_50,2025-12
946,2025-12-04,"10:48 AM","Person/Merchant Payment",Debit,10.00,Person_202,2025-12
947,2025-12-05,"02:26 PM",Education/Fees,Debit,50000.00,Person_5,2025-12
948,2025-12-05,"02:36 PM",Education/Fees,Debit,1680.00,Person_5,2025-12
949,2025-12-05,"02:58 PM","Person/Merchant Payment",Debit,1300.00,Person_76,2025-12
950,2025-12-05,"02:59 PM","Person/Merchant Payment",Debit,500.00,Person_76,2025-12
951,2025-12-08,"06:17 PM","Money Received",Credit,500.00,Person_37,2025-12
952,2025-12-08,"06:20 PM","Person/Merchant Payment",Debit,500.00,Person_203,2025-12
953,2025-12-08,"06:25 PM","Person/Merchant Payment",Debit,20.00,Person_138,2025-12
954,2025-12-08,"06:26 PM","Person/Merchant Payment",Debit,5.00,Person_138,2025-12
955,2025-12-08,"07:19 PM","Money Received",Credit,150.00,Person_155,2025-12
956,2025-12-08,"07:59 PM","Money Received",Credit,50000.00,Person_17,2025-12
957,2025-12-08,"08:02 PM","Money Received",Credit,600.00,Person_17,2025-12
958,2025-12-08,"08:03 PM","Person/Merchant Payment",Debit,600.00,Person_204,2025-12
959,2025-12-08,"08:03 PM","Person/Merchant Payment",Debit,50000.00,Person_204,2025-12
960,2025-12-08,"08:53 PM","Person/Merchant Payment",Debit,150.00,Person_172,2025-12
961,2025-12-09,"05:17 PM",Recharge,Debit,322.00,Person_18,2025-12
962,2025-12-09,"07:22 PM","Person/Merchant Payment",Debit,322.00,Person_172,2025-12
963,2025-12-09,"07:22 PM","Person/Merchant Payment",Debit,2000.00,Person_45,2025-12
964,2025-12-09,"08:33 PM","Money Received",Credit,650.00,Person_17,2025-12
965,2025-12-09,"08:33 PM","Person/Merchant Payment",Debit,650.00,Person_204,2025-12
966,2025-12-11,"08:40 PM","Person/Merchant Payment",Debit,500.00,Person_78,2025-12
967,2025-12-11,"09:44 PM","Money Received",Credit,500.00,Person_67,2025-12
968,2025-12-11,"09:47 PM","Person/Merchant Payment",Debit,500.00,Person_205,2025-12
969,2025-12-11,"09:47 PM","Person/Merchant Payment",Debit,500.00,Person_205,2025-12
970,2025-12-13,"10:55 AM","Money Received",Credit,500.00,Person_206,2025-12
971,2025-12-13,"10:59 AM","Person/Merchant Payment",Debit,500.00,Person_119,2025-12
972,2025-12-14,"05:52 PM","Person/Merchant Payment",Debit,40.00,Person_207,2025-12
973,2025-12-14,"06:13 PM","Person/Merchant Payment",Debit,459.00,Person_17,2025-12
974,2025-12-15,"09:47 AM","Money Received",Credit,5000.00,Person_37,2025-12
975,2025-12-15,"09:48 AM","Person/Merchant Payment",Debit,5000.00,Person_208,2025-12
976,2025-12-15,"09:49 AM","Person/Merchant Payment",Debit,200.00,Person_208,2025-12
977,2025-12-15,"06:34 PM","Person/Merchant Payment",Debit,5000.00,Person_45,2025-12
978,2025-12-15,"06:49 PM","Money Received",Credit,1500.00,Person_209,2025-12
979,2025-12-16,"03:51 PM","Money Received",Credit,45000.00,Person_210,2025-12
980,2025-12-16,"03:54 PM","Person/Merchant Payment",Debit,5000.00,Person_211,2025-12
981,2025-12-16,"05:05 PM","Person/Merchant Payment",Debit,1000.00,Person_212,2025-12
982,2025-12-16,"08:04 PM","Person/Merchant Payment",Debit,2000.00,Person_156,2025-12
983,2025-12-17,"03:13 PM","Person/Merchant Payment",Debit,1000.00,Person_128,2025-12
984,2025-12-17,"07:09 PM","Person/Merchant Payment",Debit,29.00,Person_138,2025-12
985,2025-12-18,"08:46 PM","Money Received",Credit,22.00,Person_17,2025-12
986,2025-12-20,"01:07 PM","Person/Merchant Payment",Debit,10.00,Person_147,2025-12
987,2025-12-20,"02:59 PM","Money Received",Credit,250.00,Person_37,2025-12
988,2025-12-21,"01:39 PM","Person/Merchant Payment",Debit,1000.00,Person_213,2025-12
989,2025-12-21,"03:23 PM","Person/Merchant Payment",Debit,50.00,Person_214,2025-12
990,2025-12-21,"04:54 PM","Person/Merchant Payment",Debit,2500.00,Person_215,2025-12
991,2025-12-21,"06:02 PM","Person/Merchant Payment",Debit,1550.00,Person_216,2025-12
992,2025-12-21,"06:07 PM","Money Received",Credit,100.00,Person_206,2025-12
993,2025-12-21,"06:07 PM","Money Received",Credit,900.00,Person_206,2025-12
994,2025-12-21,"06:11 PM","Person/Merchant Payment",Debit,1000.00,Person_119,2025-12
995,2025-12-21,"06:18 PM","Person/Merchant Payment",Debit,1000.00,Person_212,2025-12
996,2025-12-21,"06:22 PM","Person/Merchant Payment",Debit,200.00,Person_217,2025-12
997,2025-12-21,"07:26 PM","Money Received",Credit,1500.00,Person_218,2025-12
998,2025-12-22,"12:34 PM","Person/Merchant Payment",Debit,4320.00,Person_219,2025-12
999,2025-12-22,"04:18 PM","Person/Merchant Payment",Debit,2000.00,Person_212,2025-12
1000,2025-12-22,"06:03 PM","Money Received",Credit,85.00,Person_17,2025-12
1001,2025-12-22,"06:39 PM","Person/Merchant Payment",Debit,1000.00,Person_156,2025-12
1002,2025-12-22,"07:15 PM","Person/Merchant Payment",Debit,80.00,Person_220,2025-12
1003,2025-12-22,"08:33 PM","Person/Merchant Payment",Debit,40.00,Person_221,2025-12
1004,2025-12-23,"06:16 AM","Person/Merchant Payment",Debit,40.00,Person_222,2025-12
1005,2025-12-23,"06:19 AM","Person/Merchant Payment",Debit,50.00,Person_196,2025-12
1006,2025-12-23,"02:33 PM","Person/Merchant Payment",Debit,27.00,Person_223,2025-12
1007,2025-12-23,"03:41 PM","Money Received",Credit,25.00,Person_15,2025-12
1008,2025-12-25,"11:59 AM","Person/Merchant Payment",Debit,2100.00,Person_12,2025-12
1009,2025-12-25,"01:16 PM","Money Received",Credit,1300.00,Person_224,2025-12
1010,2025-12-26,"09:07 AM","Money Received",Credit,90.00,Person_50,2025-12
1011,2025-12-28,"06:48 PM","Person/Merchant Payment",Debit,2500.00,Person_84,2025-12
1012,2025-12-29,"10:46 AM","Person/Merchant Payment",Debit,80.00,Person_225,2025-12
1013,2025-12-29,"11:07 AM","Person/Merchant Payment",Debit,35.00,Person_226,2025-12
1014,2025-12-29,"11:10 AM","Person/Merchant Payment",Debit,40.00,Person_225,2025-12
1015,2025-12-29,"05:15 PM","Money Received",Credit,2500.00,Person_84,2025-12
1016,2025-12-29,"06:17 PM","Person/Merchant Payment",Debit,500.00,Person_156,2025-12
1017,2025-12-29,"06:21 PM","Person/Merchant Payment",Debit,2000.00,Person_6,2025-12
1018,2025-12-31,"11:34 AM","Person/Merchant Payment",Debit,8.00,Person_8,2025-12
1019,2025-12-31,"11:53 PM","Person/Merchant Payment",Debit,2854.00,Person_227,2025-12
1020,2026-01-02,"02:20 PM","Person/Merchant Payment",Debit,500.00,Person_228,2026-01
1021,2026-01-03,"01:56 AM","Money Received",Credit,500.00,Person_173,2026-01
1022,2026-01-03,"04:42 PM",Transport,Debit,319.00,Person_229,2026-01
1023,2026-01-04,"12:07 PM","Person/Merchant Payment",Debit,260.00,Person_230,2026-01
1024,2026-01-04,"12:08 PM","Money Received",Credit,260.00,Person_12,2026-01
1025,2026-01-05,"10:12 PM","Money Received",Credit,10000.00,Person_37,2026-01
1026,2026-01-05,"10:53 PM","Person/Merchant Payment",Debit,100.00,Person_231,2026-01
1027,2026-01-06,"06:50 PM","Person/Merchant Payment",Debit,20.00,Person_136,2026-01
1028,2026-01-07,"06:08 PM","Person/Merchant Payment",Debit,1260.00,Person_8,2026-01
1029,2026-01-08,"08:05 PM","Person/Merchant Payment",Debit,18.00,Person_138,2026-01
1030,2026-01-08,"08:39 PM","Person/Merchant Payment",Debit,4000.00,Person_172,2026-01
1031,2026-01-08,"08:40 PM","Person/Merchant Payment",Debit,3000.00,Person_172,2026-01
1032,2026-01-08,"09:43 PM","Person/Merchant Payment",Debit,10.00,Person_226,2026-01
1033,2026-01-08,"11:59 PM","Person/Merchant Payment",Debit,5000.00,Person_6,2026-01
1034,2026-01-09,"12:04 AM","Person/Merchant Payment",Debit,5000.00,Person_172,2026-01
1035,2026-01-09,"12:59 PM","Money Received",Credit,30.00,Person_232,2026-01
1036,2026-01-09,"01:58 PM","Person/Merchant Payment",Debit,30.00,Person_50,2026-01
1037,2026-01-09,"02:00 PM","Person/Merchant Payment",Debit,10000.00,Person_45,2026-01
1038,2026-01-09,"02:07 PM","Person/Merchant Payment",Debit,50.00,Person_233,2026-01
1039,2026-01-09,"05:31 PM","Person/Merchant Payment",Debit,26.00,Person_138,2026-01
1040,2026-01-09,"05:31 PM","Person/Merchant Payment",Debit,5.00,Person_138,2026-01
1041,2026-01-09,"08:01 PM","Person/Merchant Payment",Debit,50.00,Person_50,2026-01
1042,2026-01-09,"10:50 PM","Person/Merchant Payment",Debit,200.00,Person_156,2026-01
1043,2026-01-10,"12:53 PM","Person/Merchant Payment",Debit,2200.00,Person_156,2026-01
1044,2026-01-10,"07:42 PM","Person/Merchant Payment",Debit,500.00,Person_50,2026-01
1045,2026-01-10,"07:42 PM","Person/Merchant Payment",Debit,500.00,Person_172,2026-01
1046,2026-01-11,"01:38 PM","Money Received",Credit,100.00,Person_17,2026-01
1047,2026-01-12,"01:20 PM","Person/Merchant Payment",Debit,506.00,Person_234,2026-01
1048,2026-01-12,"01:51 PM","Person/Merchant Payment",Debit,20.00,Person_50,2026-01
1049,2026-01-12,"02:49 PM","Person/Merchant Payment",Debit,80.00,Person_2,2026-01
1050,2026-01-12,"06:13 PM","Money Received",Credit,3000.00,Person_12,2026-01
1051,2026-01-12,"06:17 PM","Person/Merchant Payment",Debit,2000.00,Person_50,2026-01
1052,2026-01-12,"08:14 PM","Money Received",Credit,500.00,Person_150,2026-01
1053,2026-01-12,"09:05 PM","Person/Merchant Payment",Debit,500.00,Person_50,2026-01
1054,2026-01-12,"09:05 PM","Person/Merchant Payment",Debit,506.00,Person_193,2026-01
1055,2026-01-12,"09:06 PM","Person/Merchant Payment",Debit,500.00,Person_50,2026-01
1056,2026-01-13,"05:47 AM","Money Received",Credit,5000.00,Person_37,2026-01
1057,2026-01-13,"05:59 AM","Food & Dining",Debit,2000.00,Person_235,2026-01
1058,2026-01-13,"08:38 AM","Person/Merchant Payment",Debit,2000.00,Person_236,2026-01
1059,2026-01-13,"08:41 AM","Person/Merchant Payment",Debit,1000.00,Person_236,2026-01
1060,2026-01-13,"06:46 PM","Person/Merchant Payment",Debit,2000.00,Person_156,2026-01
1061,2026-01-15,"04:30 PM","Person/Merchant Payment",Debit,10800.00,Person_37,2026-01
1062,2026-01-15,"04:31 PM","Person/Merchant Payment",Debit,500.00,Person_45,2026-01
1063,2026-01-16,"07:33 PM","Person/Merchant Payment",Debit,39.00,Person_237,2026-01
1064,2026-01-17,"01:02 PM","Person/Merchant Payment",Debit,20.00,Person_138,2026-01
1065,2026-01-17,"06:51 PM","Money Received",Credit,500.00,Person_12,2026-01
1066,2026-01-17,"11:04 PM","Person/Merchant Payment",Debit,100.00,Person_156,2026-01
1067,2026-01-18,"01:15 PM","Money Received",Credit,60.00,Person_11,2026-01
1068,2026-01-18,"06:11 PM","Person/Merchant Payment",Debit,300.00,Person_156,2026-01
1069,2026-01-19,"06:00 PM","Food & Dining",Debit,85.00,Person_174,2026-01
1070,2026-01-19,"06:30 PM","Person/Merchant Payment",Debit,220.00,Person_169,2026-01
1071,2026-01-19,"09:56 PM","Person/Merchant Payment",Debit,20.00,Person_50,2026-01
1072,2026-01-19,"10:53 PM","Person/Merchant Payment",Debit,400.00,Person_238,2026-01
1073,2026-01-19,"11:21 PM","Money Received",Credit,400.00,Person_239,2026-01
1074,2026-01-20,"02:38 PM","Person/Merchant Payment",Debit,2000.00,Person_156,2026-01
1075,2026-01-20,"04:06 PM","Money Received",Credit,100.00,Person_50,2026-01
1076,2026-01-20,"04:06 PM","Person/Merchant Payment",Debit,99.00,"Zepto Marketplace Private Limited",2026-01
1077,2026-01-20,"08:42 PM",Recharge,Debit,353.00,Person_18,2026-01
1078,2026-01-21,"07:18 PM","Person/Merchant Payment",Debit,1500.00,Person_240,2026-01
1079,2026-01-22,"01:38 PM","Person/Merchant Payment",Debit,100.00,Person_156,2026-01
1080,2026-01-22,"02:14 PM","Money Received",Credit,1500.00,Person_37,2026-01
1081,2026-01-22,"02:18 PM","Person/Merchant Payment",Debit,1500.00,Person_241,2026-01
1082,2026-01-23,"10:56 AM","Person/Merchant Payment",Debit,3998.00,Person_45,2026-01
1083,2026-01-23,"12:43 PM","Money Received",Credit,20.00,Person_242,2026-01
1084,2026-01-25,"03:37 PM","Person/Merchant Payment",Debit,1000.00,Person_45,2026-01
1085,2026-01-26,"03:01 PM","Person/Merchant Payment",Debit,400.00,Person_193,2026-01
1086,2026-01-26,"03:50 PM","Person/Merchant Payment",Debit,600.00,Person_172,2026-01
1087,2026-01-26,"03:51 PM","Person/Merchant Payment",Debit,900.00,Person_156,2026-01
1088,2026-01-27,"03:23 PM","Person/Merchant Payment",Debit,4000.00,Person_45,2026-01
1089,2026-01-27,"03:26 PM","Money Received",Credit,100.00,Person_12,2026-01
1090,2026-01-27,"03:27 PM","Money Received",Credit,20.00,Person_12,2026-01
1091,2026-01-28,"12:29 PM","Money Received",Credit,5000.00,Person_37,2026-01
1092,2026-01-28,"08:02 PM","Person/Merchant Payment",Debit,2000.00,Person_17,2026-01
1093,2026-01-28,"10:17 PM","Person/Merchant Payment",Debit,3000.00,Person_45,2026-01
1094,2026-01-29,"10:57 AM","Money Received",Credit,80.00,Person_37,2026-01
1095,2026-01-29,"05:42 PM","Person/Merchant Payment",Debit,1500.00,Person_156,2026-01
1096,2026-01-29,"06:15 PM","Money Received",Credit,30000.00,Person_243,2026-01
1097,2026-01-29,"08:00 PM","Person/Merchant Payment",Debit,50.00,Person_220,2026-01
1098,2026-01-29,"08:04 PM","Person/Merchant Payment",Debit,200.00,Person_156,2026-01
1099,2026-01-29,"08:12 PM","Person/Merchant Payment",Debit,150.00,Person_156,2026-01
1100,2026-01-29,"08:52 PM","Person/Merchant Payment",Debit,40.00,Person_244,2026-01
1101,2026-01-30,"09:52 AM","Person/Merchant Payment",Debit,5000.00,Person_132,2026-01
1102,2026-01-30,"11:20 AM","Person/Merchant Payment",Debit,40.00,Person_245,2026-01
1103,2026-01-30,"11:23 AM","Person/Merchant Payment",Debit,50.00,Person_220,2026-01
1104,2026-01-30,"01:42 PM","Person/Merchant Payment",Debit,6000.00,Person_240,2026-01
1105,2026-01-30,"03:19 PM","Person/Merchant Payment",Debit,150.00,Person_6,2026-01
1106,2026-01-31,"10:15 AM","Money Received",Credit,5000.00,Person_246,2026-01
1107,2026-01-31,"02:18 PM","Person/Merchant Payment",Debit,500.00,Person_128,2026-01
1108,2026-01-31,"03:04 PM","Money Received",Credit,500.00,Person_128,2026-01
1109,2026-01-31,"04:50 PM","Person/Merchant Payment",Debit,2000.00,Person_2,2026-01
1110,2026-01-31,"06:53 PM","Money Received",Credit,200.00,Person_2,2026-01
1111,2026-01-31,"07:01 PM","Money Received",Credit,854.00,Person_17,2026-01
1112,2026-01-31,"07:24 PM","Person/Merchant Payment",Debit,5000.00,Person_172,2026-01
1113,2026-01-31,"07:27 PM","Person/Merchant Payment",Debit,578.00,Person_247,2026-01
1114,2026-01-31,"07:27 PM","Person/Merchant Payment",Debit,13000.00,Person_172,2026-01
1115,2026-01-31,"07:29 PM","Person/Merchant Payment",Debit,3500.00,Person_172,2026-01
1116,2026-01-31,"07:57 PM","Person/Merchant Payment",Debit,5000.00,Person_45,2026-01
1117,2026-01-31,"10:53 PM","Money Received",Credit,96.40,Person_181,2026-01
1118,2026-02-01,"11:11 AM","Person/Merchant Payment",Debit,31.00,Person_248,2026-02
1119,2026-02-01,"11:34 AM","Money Received",Credit,25.00,Person_17,2026-02
1120,2026-02-01,"11:52 AM","Person/Merchant Payment",Debit,13.00,Person_17,2026-02
1121,2026-02-01,"02:00 PM","Money Received",Credit,50000.00,Person_246,2026-02
1122,2026-02-01,"02:08 PM","Person/Merchant Payment",Debit,1000.00,Person_172,2026-02
1123,2026-02-01,"05:32 PM","Person/Merchant Payment",Debit,220.00,Person_249,2026-02
1124,2026-02-01,"05:37 PM","Person/Merchant Payment",Debit,442.00,Person_250,2026-02
1125,2026-02-01,"05:56 PM","Money Received",Credit,155.00,Person_50,2026-02
1126,2026-02-01,"05:59 PM","Person/Merchant Payment",Debit,155.00,Blinkit,2026-02
1127,2026-02-01,"06:01 PM","Person/Merchant Payment",Debit,350.00,Person_251,2026-02
1128,2026-02-01,"06:24 PM","Money Received",Credit,250.00,Person_12,2026-02
1129,2026-02-01,"08:36 PM","Person/Merchant Payment",Debit,604.00,Person_252,2026-02
1130,2026-02-02,"09:48 AM","Person/Merchant Payment",Debit,150.00,Person_50,2026-02
1131,2026-02-02,"02:31 PM","Person/Merchant Payment",Debit,18000.00,Person_50,2026-02
1132,2026-02-02,"03:28 PM","Money Received",Credit,50000.00,Person_246,2026-02
1133,2026-02-02,"05:29 PM",Recharge,Debit,899.00,"Jio Prepaid Recharges",2026-02
1134,2026-02-02,"06:21 PM","Person/Merchant Payment",Debit,31.00,Person_253,2026-02
1135,2026-02-03,"04:50 PM","Money Received",Credit,41.00,Person_17,2026-02
1136,2026-02-03,"04:56 PM","Person/Merchant Payment",Debit,31.00,Person_248,2026-02
1137,2026-02-03,"04:59 PM","Person/Merchant Payment",Debit,10.00,Person_138,2026-02
1138,2026-02-03,"09:37 PM","Person/Merchant Payment",Debit,500.00,Person_254,2026-02
1139,2026-02-03,"09:59 PM","Person/Merchant Payment",Debit,2400.00,Person_6,2026-02
1140,2026-02-03,"10:00 PM","Person/Merchant Payment",Debit,50000.00,Person_255,2026-02
1141,2026-02-04,"02:59 PM","Person/Merchant Payment",Debit,13000.00,Person_17,2026-02
1142,2026-02-04,"03:01 PM","Money Received",Credit,7000.00,Person_239,2026-02
1143,2026-02-04,"03:01 PM","Person/Merchant Payment",Debit,7000.00,Person_17,2026-02
1144,2026-02-04,"03:35 PM","Money Received",Credit,1000.00,Person_37,2026-02
1145,2026-02-04,"03:37 PM","Person/Merchant Payment",Debit,1000.00,Person_256,2026-02
1146,2026-02-04,"05:10 PM","Person/Merchant Payment",Debit,2000.00,Person_17,2026-02
1147,2026-02-04,"07:56 PM","Person/Merchant Payment",Debit,100.00,Person_50,2026-02
1148,2026-02-05,"11:00 AM","Person/Merchant Payment",Debit,500.00,Person_156,2026-02
1149,2026-02-05,"03:54 PM","Person/Merchant Payment",Debit,500.00,Person_2,2026-02
1150,2026-02-05,"04:29 PM","Money Received",Credit,31.00,Person_17,2026-02
1151,2026-02-05,"04:32 PM","Person/Merchant Payment",Debit,31.00,Person_248,2026-02
1152,2026-02-05,"04:36 PM","Person/Merchant Payment",Debit,40.00,Person_257,2026-02
1153,2026-02-06,"08:16 PM","Money Received",Credit,3000.00,Person_37,2026-02
1154,2026-02-06,"09:18 PM","Money Received",Credit,150.00,Person_155,2026-02
1155,2026-02-07,"03:33 PM","Person/Merchant Payment",Debit,118.00,Person_258,2026-02
1156,2026-02-07,"09:41 PM","Money Received",Credit,5000.00,Person_17,2026-02
1157,2026-02-08,"09:53 AM","Person/Merchant Payment",Debit,1000.00,Person_156,2026-02
1158,2026-02-08,"03:34 PM","Person/Merchant Payment",Debit,5000.00,Person_172,2026-02
1159,2026-02-08,"03:34 PM","Money Received",Credit,150.00,Person_2,2026-02
1160,2026-02-08,"03:35 PM","Person/Merchant Payment",Debit,1182.00,Person_172,2026-02
1161,2026-02-08,"04:16 PM","Money Received",Credit,350.00,Person_17,2026-02
1162,2026-02-08,"04:17 PM","Person/Merchant Payment",Debit,350.00,Person_172,2026-02
1163,2026-02-08,"05:21 PM","Money Received",Credit,5000.00,Person_31,2026-02
1164,2026-02-08,"06:25 PM","Person/Merchant Payment",Debit,5000.00,Person_128,2026-02
1165,2026-02-09,"11:15 AM","Person/Merchant Payment",Debit,1500.00,Person_45,2026-02
1166,2026-02-09,"03:16 PM","Person/Merchant Payment",Debit,50000.00,Person_246,2026-02
1167,2026-02-09,"11:07 PM","Money Received",Credit,1000.00,Person_259,2026-02
1168,2026-02-09,"11:12 PM","Person/Merchant Payment",Debit,1000.00,Person_172,2026-02
1169,2026-02-10,"10:19 AM",Recharge,Debit,899.00,"Jio Prepaid Recharges",2026-02
1170,2026-02-10,"03:58 PM","Money Received",Credit,3000.00,Person_246,2026-02
1171,2026-02-10,"04:02 PM","Person/Merchant Payment",Debit,5000.00,Person_246,2026-02
1172,2026-02-10,"04:02 PM","Person/Merchant Payment",Debit,3000.00,Person_246,2026-02
1173,2026-02-11,"07:38 AM","Person/Merchant Payment",Debit,1000.00,Person_17,2026-02
1174,2026-02-11,"10:45 AM","Person/Merchant Payment",Debit,130.00,Person_260,2026-02
1175,2026-02-11,"01:05 PM","Person/Merchant Payment",Debit,1000.00,Person_45,2026-02
1176,2026-02-11,"05:37 PM","Person/Merchant Payment",Debit,10.00,Person_138,2026-02
1177,2026-02-11,"07:28 PM","Money Received",Credit,6900.00,Person_50,2026-02
1178,2026-02-11,"09:59 PM","Money Received",Credit,1000.00,Person_17,2026-02
1179,2026-02-11,"10:24 PM","Person/Merchant Payment",Debit,1000.00,Person_172,2026-02
1180,2026-02-12,"11:04 AM","Person/Merchant Payment",Debit,60.00,Person_196,2026-02
1181,2026-02-12,"12:20 PM","Person/Merchant Payment",Debit,48.00,Person_261,2026-02
1182,2026-02-12,"01:31 PM","Person/Merchant Payment",Debit,40.00,Person_262,2026-02
1183,2026-02-12,"01:32 PM","Person/Merchant Payment",Debit,60.00,Person_196,2026-02
1184,2026-02-12,"05:23 PM","Money Received",Credit,3000.00,Person_12,2026-02
1185,2026-02-12,"06:34 PM","Person/Merchant Payment",Debit,980.00,Person_172,2026-02
1186,2026-02-12,"06:34 PM","Person/Merchant Payment",Debit,2500.00,Person_50,2026-02
1187,2026-02-12,"11:16 PM","Money Received",Credit,60.00,Person_1,2026-02
1188,2026-02-13,"08:16 AM","Person/Merchant Payment",Debit,20.00,Person_172,2026-02
1189,2026-02-13,"09:17 PM","Person/Merchant Payment",Debit,1000.00,Person_156,2026-02
1190,2026-02-14,"06:21 PM","Money Received",Credit,2000.00,Person_246,2026-02
1191,2026-02-15,"05:48 PM","Person/Merchant Payment",Debit,31.00,Person_248,2026-02
1192,2026-02-15,"07:40 PM","Money Received",Credit,15000.00,Person_17,2026-02
1193,2026-02-15,"07:49 PM","Person/Merchant Payment",Debit,7000.00,Person_238,2026-02
1194,2026-02-15,"08:13 PM","Person/Merchant Payment",Debit,300.00,Person_156,2026-02
1195,2026-02-15,"11:28 PM","Person/Merchant Payment",Debit,10000.00,Person_172,2026-02
1196,2026-02-16,"02:03 PM","Person/Merchant Payment",Debit,2000.00,Person_246,2026-02
1197,2026-02-16,"08:33 PM","Money Received",Credit,351.00,Person_263,2026-02
1198,2026-02-17,"11:59 AM","Person/Merchant Payment",Debit,43.00,Person_138,2026-02
1199,2026-02-18,"03:17 PM","Money Received",Credit,5000.00,Person_264,2026-02
1200,2026-02-18,"04:51 PM","Money Received",Credit,100.00,Person_128,2026-02
1201,2026-02-18,"06:24 PM","Person/Merchant Payment",Debit,45.00,Person_257,2026-02
1202,2026-02-18,"06:32 PM","Money Received",Credit,100.00,Person_37,2026-02
1203,2026-02-18,"06:35 PM","Person/Merchant Payment",Debit,70.00,Person_207,2026-02
1204,2026-02-18,"06:45 PM","Person/Merchant Payment",Debit,50.00,Person_253,2026-02
1205,2026-02-18,"06:48 PM","Person/Merchant Payment",Debit,10.00,Person_158,2026-02
1206,2026-02-18,"06:54 PM","Person/Merchant Payment",Debit,5000.00,Person_172,2026-02
1207,2026-02-19,"12:13 PM","Person/Merchant Payment",Debit,5000.00,Person_156,2026-02
1208,2026-02-19,"12:57 PM","Person/Merchant Payment",Debit,500.00,Person_45,2026-02
1209,2026-02-21,"12:22 PM","Person/Merchant Payment",Debit,5000.00,Person_264,2026-02
1210,2026-02-21,"05:11 PM","Money Received",Credit,1000.00,Person_12,2026-02
1211,2026-02-21,"09:52 PM","Person/Merchant Payment",Debit,5.00,Person_138,2026-02
1212,2026-02-22,"08:02 PM","Person/Merchant Payment",Debit,8.00,Person_180,2026-02
1213,2026-02-23,"06:53 AM","Food & Dining",Debit,20.00,Person_265,2026-02
1214,2026-02-23,"07:21 AM","Food & Dining",Debit,20.00,Person_265,2026-02
1215,2026-02-23,"01:30 PM","Person/Merchant Payment",Debit,80.00,Person_266,2026-02
1216,2026-02-24,"11:53 AM","Person/Merchant Payment",Debit,500.00,Person_198,2026-02
1217,2026-02-24,"02:52 PM","Money Received",Credit,1000.00,Person_37,2026-02
1218,2026-02-25,"10:55 AM",Others,Debit,200.00,Person_267,2026-02
1219,2026-02-25,"10:56 AM","Person/Merchant Payment",Debit,500.00,Person_172,2026-02
1220,2026-02-25,"11:53 AM","Money Received",Credit,500.00,Person_268,2026-02
1221,2026-02-25,"11:57 AM","Person/Merchant Payment",Debit,500.00,Person_2,2026-02
1222,2026-02-25,"01:06 PM","Person/Merchant Payment",Debit,300.00,Person_269,2026-02
1223,2026-02-25,"01:46 PM","Person/Merchant Payment",Debit,30.00,Person_270,2026-02
1224,2026-02-25,"02:49 PM","Person/Merchant Payment",Debit,829.06,Person_102,2026-02
1225,2026-02-25,"03:00 PM","Money Received",Credit,200.00,Person_17,2026-02
1226,2026-02-25,"03:09 PM","Person/Merchant Payment",Debit,50.00,Person_271,2026-02
1227,2026-02-25,"08:50 PM","Person/Merchant Payment",Debit,4000.00,Person_156,2026-02
1228,2026-02-25,"08:52 PM","Person/Merchant Payment",Debit,500.00,Person_156,2026-02
1229,2026-02-26,"12:42 PM","Person/Merchant Payment",Debit,500.00,Person_45,2026-02
1230,2026-02-26,"04:23 PM","Person/Merchant Payment",Debit,31.00,Person_17,2026-02
1231,2026-02-26,"07:41 PM","Person/Merchant Payment",Debit,200.00,Person_6,2026-02
1232,2026-02-27,"06:34 AM","Person/Merchant Payment",Debit,300.00,Person_272,2026-02
1233,2026-02-27,"11:01 AM","Person/Merchant Payment",Debit,200.00,Person_45,2026-02
1234,2026-02-27,"05:00 PM","Person/Merchant Payment",Debit,10.00,Person_138,2026-02
1235,2026-02-28,"04:34 PM","Person/Merchant Payment",Debit,500.00,Person_273,2026-02
1236,2026-02-28,"05:34 PM","Person/Merchant Payment",Debit,700.00,Person_193,2026-02
1237,2026-02-28,"05:34 PM","Person/Merchant Payment",Debit,100.00,Person_50,2026-02
1238,2026-02-28,"05:34 PM","Person/Merchant Payment",Debit,9000.00,Person_45,2026-02
1239,2026-02-28,"05:35 PM","Person/Merchant Payment",Debit,200.00,Person_193,2026-02
1240,2026-02-28,"05:40 PM","Person/Merchant Payment",Debit,1000.00,Person_45,2026-02
1241,2026-02-28,"05:48 PM","Money Received",Credit,1000.00,Person_37,2026-02
1242,2026-02-28,"07:20 PM","Money Received",Credit,2000.00,Person_17,2026-02
1243,2026-02-28,"07:20 PM","Person/Merchant Payment",Debit,2000.00,Person_128,2026-02
1244,2026-02-28,"07:21 PM","Person/Merchant Payment",Debit,500.00,Person_193,2026-02
1245,2026-03-01,"12:52 PM","Money Received",Credit,1000.00,Person_37,2026-03
1246,2026-03-01,"12:59 PM","Person/Merchant Payment",Debit,1000.00,Person_274,2026-03
1247,2026-03-01,"09:58 PM","Person/Merchant Payment",Debit,1000.00,Person_6,2026-03
1248,2026-03-01,"09:59 PM","Person/Merchant Payment",Debit,3000.00,Person_67,2026-03
1249,2026-03-01,"09:59 PM","Person/Merchant Payment",Debit,2000.00,Person_67,2026-03
1250,2026-03-02,"12:49 PM","Person/Merchant Payment",Debit,100.00,Person_45,2026-03
1251,2026-03-02,"06:18 PM","Person/Merchant Payment",Debit,20.00,Person_50,2026-03
1252,2026-03-03,"11:02 AM","Money Received",Credit,100.00,Person_37,2026-03
1253,2026-03-03,"06:39 PM","Person/Merchant Payment",Debit,31.00,Person_248,2026-03
1254,2026-03-04,"07:28 AM","Money Received",Credit,300.00,Person_155,2026-03
1255,2026-03-04,"07:30 AM",Others,Debit,300.00,Person_267,2026-03
1256,2026-03-04,"09:13 PM","Person/Merchant Payment",Debit,240.00,Person_240,2026-03
1257,2026-03-07,"11:14 AM",Shopping,Debit,240.00,"Flipkart Payments",2026-03
1258,2026-03-07,"04:29 PM","Person/Merchant Payment",Debit,50.00,Person_169,2026-03
1259,2026-03-07,"07:21 PM","Money Received",Credit,1000.00,Person_275,2026-03
1260,2026-03-08,"09:08 AM","Money Received",Credit,490.40,Person_187,2026-03
1261,2026-03-08,"09:59 AM","Person/Merchant Payment",Debit,147.00,Person_276,2026-03
1262,2026-03-08,"10:05 AM","Person/Merchant Payment",Debit,1000.00,Person_277,2026-03
1263,2026-03-08,"10:30 AM","Person/Merchant Payment",Debit,300.00,Person_156,2026-03
1264,2026-03-08,"01:27 PM","Person/Merchant Payment",Debit,200.00,Person_156,2026-03
1265,2026-03-08,"01:27 PM","Money Received",Credit,100.00,Person_37,2026-03
1266,2026-03-08,"02:11 PM","Person/Merchant Payment",Debit,157.00,Person_278,2026-03
1267,2026-03-08,"02:14 PM","Person/Merchant Payment",Debit,10.00,Person_278,2026-03
1268,2026-03-08,"02:33 PM","Person/Merchant Payment",Debit,80.00,Person_225,2026-03
1269,2026-03-09,"09:01 PM","Person/Merchant Payment",Debit,500.00,Person_279,2026-03
1270,2026-03-10,"12:37 PM","Person/Merchant Payment",Debit,4500.00,Person_12,2026-03
1271,2026-03-13,"06:47 PM","Money Received",Credit,1500.00,Person_280,2026-03
1272,2026-03-13,"08:09 PM","Money Received",Credit,5.00,Person_281,2026-03
1273,2026-03-14,"02:12 PM","UPI Lite Top-up",Debit,2000.00,Person_4,2026-03
1274,2026-03-14,"05:19 PM","Person/Merchant Payment",Debit,10.00,Person_147,2026-03
1275,2026-03-14,"05:32 PM","Person/Merchant Payment",Debit,10.00,Person_138,2026-03
1276,2026-03-14,"08:32 PM","Person/Merchant Payment",Debit,60.00,Person_201,2026-03
1277,2026-03-14,"09:09 PM","Money Received",Credit,60.00,Person_1,2026-03
1278,2026-03-14,"10:58 PM","Person/Merchant Payment",Debit,4.00,Person_138,2026-03
1279,2026-03-15,"01:44 PM","Money Received",Credit,2000.00,Person_17,2026-03
1280,2026-03-15,"04:00 PM","Person/Merchant Payment",Debit,20.00,Person_17,2026-03
1281,2026-03-15,"09:45 PM","Money Received",Credit,200.00,Person_101,2026-03
1282,2026-03-16,"02:30 PM","Person/Merchant Payment",Debit,300.00,Person_282,2026-03
1283,2026-03-16,"02:40 PM","Person/Merchant Payment",Debit,600.00,Person_283,2026-03
1284,2026-03-16,"02:51 PM","Person/Merchant Payment",Debit,400.00,Person_284,2026-03
1285,2026-03-16,"03:00 PM","Person/Merchant Payment",Debit,200.00,Person_285,2026-03
1286,2026-03-16,"03:04 PM","Person/Merchant Payment",Debit,200.00,Person_286,2026-03
1287,2026-03-16,"03:08 PM","Food & Dining",Debit,20.00,Person_287,2026-03
1288,2026-03-16,"06:25 PM","Person/Merchant Payment",Debit,30.00,Person_17,2026-03
1289,2026-03-16,"06:30 PM","Money Received",Credit,30.00,Person_17,2026-03
1290,2026-03-16,"06:35 PM","Person/Merchant Payment",Debit,51.00,Person_248,2026-03
1291,2026-03-16,"06:42 PM","Person/Merchant Payment",Debit,10.00,Person_147,2026-03
1292,2026-03-16,"07:16 PM","Person/Merchant Payment",Debit,200.00,Person_2,2026-03
1293,2026-03-23,"12:28 AM","Person/Merchant Payment",Debit,370.00,Person_67,2026-03
1294,2026-03-23,"06:49 PM","Person/Merchant Payment",Debit,20.00,Person_226,2026-03
1295,2026-03-23,"06:51 PM","Person/Merchant Payment",Debit,25.00,Person_288,2026-03
1296,2026-03-23,"06:52 PM","Person/Merchant Payment",Debit,10.00,Person_289,2026-03
1297,2026-03-23,"08:36 PM","Person/Merchant Payment",Debit,3000.00,Person_2,2026-03
1298,2026-03-24,"06:15 PM","Money Received",Credit,256.40,Person_187,2026-03
1299,2026-03-24,"06:21 PM","Person/Merchant Payment",Debit,31.00,Person_248,2026-03
1300,2026-03-24,"08:34 PM","Person/Merchant Payment",Debit,155.00,Person_230,2026-03
1301,2026-03-25,"08:35 AM","Person/Merchant Payment",Debit,10.00,Person_138,2026-03
1302,2026-03-25,"07:47 PM","Money Received",Credit,5000.00,Person_17,2026-03
1303,2026-03-25,"08:07 PM","Person/Merchant Payment",Debit,5000.00,Person_172,2026-03
1304,2026-03-26,"10:06 AM","Person/Merchant Payment",Debit,10.00,Person_147,2026-03
1305,2026-03-26,"07:13 PM","Person/Merchant Payment",Debit,112.00,"Zepto Marketplace Private Limited",2026-03
1306,2026-03-26,"09:55 PM","Money Received",Credit,112.00,Person_50,2026-03
1307,2026-03-28,"11:50 AM","Person/Merchant Payment",Debit,204.70,Person_26,2026-03
1308,2026-03-28,"12:16 PM","Person/Merchant Payment",Debit,136.46,Person_26,2026-03
1309,2026-03-28,"12:56 PM","Person/Merchant Payment",Debit,24.00,Person_290,2026-03
1310,2026-03-28,"01:22 PM","Person/Merchant Payment",Debit,30.00,Person_291,2026-03
1311,2026-03-28,"05:37 PM","Person/Merchant Payment",Debit,26.00,Person_138,2026-03
1312,2026-03-28,"08:57 PM","Person/Merchant Payment",Debit,30.00,Person_50,2026-03
1313,2026-03-29,"05:13 PM","Person/Merchant Payment",Debit,75.00,Person_292,2026-03
1314,2026-03-29,"06:29 PM","Money Received",Credit,1000.00,Person_17,2026-03
1315,2026-03-29,"07:27 PM","Person/Merchant Payment",Debit,1000.00,Person_50,2026-03
1316,2026-03-30,"12:10 PM","Person/Merchant Payment",Debit,10.00,Person_147,2026-03
1317,2026-03-30,"04:24 PM","Person/Merchant Payment",Debit,20.00,Person_138,2026-03
1318,2026-03-30,"05:05 PM","Person/Merchant Payment",Debit,2000.00,Person_156,2026-03
1319,2026-03-30,"05:11 PM","Person/Merchant Payment",Debit,3000.00,Person_156,2026-03
1320,2026-03-31,"08:24 AM","Person/Merchant Payment",Debit,10.00,Person_138,2026-03
1321,2026-03-31,"11:30 AM","Money Received",Credit,1000.00,Person_37,2026-03
1322,2026-03-31,"03:28 PM","Person/Merchant Payment",Debit,300.00,Person_293,2026-03
1323,2026-03-31,"06:36 PM","Person/Merchant Payment",Debit,100.00,Person_45,2026-03
1324,2026-04-01,"04:00 PM","Money Received",Credit,1000.00,Person_31,2026-04
1325,2026-04-01,"04:00 PM","Money Received",Credit,1000.00,Person_31,2026-04
1326,2026-04-01,"06:38 PM","Person/Merchant Payment",Debit,2000.00,Person_128,2026-04
1327,2026-04-01,"08:32 PM","Person/Merchant Payment",Debit,595.00,Person_294,2026-04
1328,2026-04-01,"08:52 PM","Person/Merchant Payment",Debit,29.00,Person_226,2026-04
1329,2026-04-02,"09:33 AM","Money Received",Credit,10000.00,Person_37,2026-04
1330,2026-04-02,"09:34 AM","Person/Merchant Payment",Debit,10000.00,Person_128,2026-04
1331,2026-04-02,"09:33 PM","Person/Merchant Payment",Debit,135.00,Person_50,2026-04
1332,2026-04-03,"03:35 PM","Person/Merchant Payment",Debit,20.00,Person_288,2026-04
1333,2026-04-03,"06:20 PM","Person/Merchant Payment",Debit,25.00,Person_257,2026-04
1334,2026-04-03,"08:54 PM","Money Received",Credit,3000.00,Person_37,2026-04
1335,2026-04-03,"08:56 PM","Person/Merchant Payment",Debit,3000.00,Person_295,2026-04
1336,2026-04-03,"09:48 PM","Money Received",Credit,6000.00,Person_296,2026-04
1337,2026-04-04,"10:27 AM","Person/Merchant Payment",Debit,101.00,"ZEPTO MARKETPLACE PRIVATE LIMITED",2026-04
1338,2026-04-04,"10:28 AM","Person/Merchant Payment",Debit,6000.00,Person_172,2026-04
1339,2026-04-04,"10:29 AM","Person/Merchant Payment",Debit,500.00,Person_297,2026-04
1340,2026-04-04,"12:27 PM","Money Received",Credit,160.00,Person_37,2026-04
1341,2026-04-04,"12:28 PM","Person/Merchant Payment",Debit,153.00,ZEPTO,2026-04
1342,2026-04-04,"12:58 PM","Person/Merchant Payment",Debit,5160.00,Person_45,2026-04
1343,2026-04-04,"01:26 PM","Money Received",Credit,1000.00,Person_206,2026-04
1344,2026-04-04,"01:28 PM","Person/Merchant Payment",Debit,1000.00,Person_2,2026-04
1345,2026-04-04,"06:28 PM","Person/Merchant Payment",Debit,31.00,Person_248,2026-04
1346,2026-04-04,"07:38 PM","Money Received",Credit,5000.00,Person_37,2026-04
1347,2026-04-04,"07:40 PM","Person/Merchant Payment",Debit,5000.00,Person_298,2026-04
1348,2026-04-05,"01:29 AM","Money Received",Credit,500.00,Person_299,2026-04
1349,2026-04-05,"09:53 AM","Person/Merchant Payment",Debit,5000.00,Person_45,2026-04
1350,2026-04-05,"12:03 PM","Money Received",Credit,2000.00,Person_17,2026-04
1351,2026-04-05,"06:19 PM","Person/Merchant Payment",Debit,31.00,Person_248,2026-04
1352,2026-04-06,"07:35 AM","Money Received",Credit,300.00,Person_155,2026-04
1353,2026-04-06,"08:45 AM","Person/Merchant Payment",Debit,3000.00,Person_45,2026-04
1354,2026-04-06,"10:36 AM","Person/Merchant Payment",Debit,6000.00,Person_227,2026-04
1355,2026-04-06,"02:19 PM","Person/Merchant Payment",Debit,20.00,Person_138,2026-04
1356,2026-04-06,"09:28 PM","Money Received",Credit,168.00,Person_37,2026-04
1357,2026-04-06,"09:29 PM","Person/Merchant Payment",Debit,168.00,ZEPTONOW,2026-04
1358,2026-04-06,"09:30 PM","UPI Lite Top-up",Debit,300.00,Person_4,2026-04
1359,2026-04-07,"09:24 AM","Person/Merchant Payment",Debit,12000.00,Person_213,2026-04
1360,2026-04-07,"05:20 PM","Money Received",Credit,40.00,Person_2,2026-04
1361,2026-04-07,"05:30 PM","Person/Merchant Payment",Debit,40.00,Person_17,2026-04
1362,2026-04-08,"05:42 PM","Person/Merchant Payment",Debit,300.00,Person_282,2026-04
1363,2026-04-08,"05:45 PM","Person/Merchant Payment",Debit,200.00,Person_283,2026-04
1364,2026-04-08,"05:47 PM","Person/Merchant Payment",Debit,50.00,Person_300,2026-04
1365,2026-04-08,"09:12 PM","Money Received",Credit,2000.00,Person_17,2026-04
1366,2026-04-08,"11:42 PM","Money Received",Credit,1000.00,Person_50,2026-04
1367,2026-04-09,"01:22 PM","Person/Merchant Payment",Debit,1000.00,Person_301,2026-04
1368,2026-04-09,"04:53 PM","Person/Merchant Payment",Debit,60.00,Person_220,2026-04
1369,2026-04-09,"06:13 PM","Person/Merchant Payment",Debit,60.00,Person_220,2026-04
1370,2026-04-09,"07:09 PM","Person/Merchant Payment",Debit,60.00,Person_302,2026-04
1371,2026-04-09,"07:49 PM","Money Received",Credit,1500.00,Person_17,2026-04
1372,2026-04-09,"07:51 PM","Money Received",Credit,6000.00,Person_11,2026-04
1373,2026-04-09,"07:51 PM","Money Received",Credit,300.00,Person_37,2026-04
1374,2026-04-09,"07:57 PM","Person/Merchant Payment",Debit,2000.00,Person_172,2026-04
1375,2026-04-09,"08:39 PM","Money Received",Credit,2000.00,Person_2,2026-04
1376,2026-04-09,"08:48 PM","Person/Merchant Payment",Debit,2000.00,Person_172,2026-04
1377,2026-04-10,"04:07 PM","Person/Merchant Payment",Debit,50.00,Person_303,2026-04
1378,2026-04-10,"10:43 PM","Money Received",Credit,2000.00,Person_37,2026-04
1379,2026-04-10,"10:45 PM","Person/Merchant Payment",Debit,2000.00,Person_304,2026-04
1380,2026-04-11,"04:47 AM","Person/Merchant Payment",Debit,400.00,Person_305,2026-04
1381,2026-04-11,"12:09 PM","Person/Merchant Payment",Debit,365.00,Person_306,2026-04
1382,2026-04-11,"01:21 PM","Person/Merchant Payment",Debit,4000.00,Person_45,2026-04
1383,2026-04-11,"01:21 PM","Person/Merchant Payment",Debit,2000.00,Person_45,2026-04
1384,2026-04-11,"07:45 PM","Person/Merchant Payment",Debit,120.00,Person_307,2026-04
1385,2026-04-11,"08:04 PM","Person/Merchant Payment",Debit,140.00,Person_308,2026-04
1386,2026-04-11,"08:07 PM","Person/Merchant Payment",Debit,20.00,Person_309,2026-04
1387,2026-04-11,"11:32 PM","Person/Merchant Payment",Debit,8500.00,Person_45,2026-04
1388,2026-04-12,"04:04 AM","Person/Merchant Payment",Debit,30.00,Person_310,2026-04
1389,2026-04-12,"07:23 AM","Person/Merchant Payment",Debit,800.00,Person_311,2026-04
1390,2026-04-12,"10:11 AM","Person/Merchant Payment",Debit,150.00,Person_312,2026-04
1391,2026-04-12,"10:52 AM","Person/Merchant Payment",Debit,600.00,Person_313,2026-04
1392,2026-04-12,"11:55 AM","Person/Merchant Payment",Debit,100.00,Person_314,2026-04
1393,2026-04-12,"11:56 AM","Person/Merchant Payment",Debit,50.00,Person_314,2026-04
1394,2026-04-12,"11:59 AM","Person/Merchant Payment",Debit,40.00,Person_315,2026-04
1395,2026-04-12,"03:36 PM","Person/Merchant Payment",Debit,6000.00,Person_45,2026-04
1396,2026-04-12,"03:49 PM","Person/Merchant Payment",Debit,70.00,Person_316,2026-04
1397,2026-04-12,"03:50 PM","Person/Merchant Payment",Debit,70.00,Person_316,2026-04
1398,2026-04-12,"04:52 PM","Person/Merchant Payment",Debit,10.00,Person_317,2026-04
1399,2026-04-12,"07:01 PM","Person/Merchant Payment",Debit,80.00,Person_318,2026-04
1400,2026-04-12,"07:34 PM","Money Received",Credit,6000.00,Person_37,2026-04
1401,2026-04-12,"09:27 PM","Person/Merchant Payment",Debit,290.00,Person_319,2026-04
1402,2026-04-12,"09:41 PM","Person/Merchant Payment",Debit,50.00,Person_320,2026-04
1403,2026-04-13,"06:16 AM","Person/Merchant Payment",Debit,180.00,Person_220,2026-04
1404,2026-04-13,"11:03 AM","Person/Merchant Payment",Debit,8000.00,Person_45,2026-04
1405,2026-04-13,"11:04 AM","Person/Merchant Payment",Debit,290.00,Person_6,2026-04
1406,2026-04-13,"03:48 PM","Person/Merchant Payment",Debit,350.00,Person_294,2026-04
1407,2026-04-13,"04:17 PM","Person/Merchant Payment",Debit,100.00,Person_225,2026-04
1408,2026-04-14,"05:15 PM","Person/Merchant Payment",Debit,5000.00,Person_45,2026-04
1409,2026-04-14,"05:54 PM","Person/Merchant Payment",Debit,1000.00,Person_156,2026-04
1410,2026-04-15,"08:21 AM","Person/Merchant Payment",Debit,10.00,Person_138,2026-04
1411,2026-04-15,"10:21 AM","Person/Merchant Payment",Debit,54.00,Person_8,2026-04
1412,2026-04-15,"01:13 PM","Person/Merchant Payment",Debit,5.00,Person_225,2026-04
1413,2026-04-15,"01:15 PM","Person/Merchant Payment",Debit,40.00,Person_321,2026-04
1414,2026-04-15,"01:46 PM","Person/Merchant Payment",Debit,30.00,Person_322,2026-04
1415,2026-04-15,"06:27 PM","Money Received",Credit,30.00,Person_50,2026-04
1416,2026-04-15,"06:32 PM","Person/Merchant Payment",Debit,31.00,Person_248,2026-04
1417,2026-04-15,"10:03 PM","Person/Merchant Payment",Debit,1000.00,Person_45,2026-04
1418,2026-04-16,"10:17 AM","Money Received",Credit,6000.00,Person_37,2026-04
1419,2026-04-16,"05:36 PM",Recharge,Debit,26.00,Person_18,2026-04
1420,2026-04-16,"07:32 PM","Person/Merchant Payment",Debit,6000.00,Person_45,2026-04
1421,2026-04-17,"08:44 AM","Person/Merchant Payment",Debit,8600.00,Person_45,2026-04
1422,2026-04-17,"08:50 PM","Person/Merchant Payment",Debit,1000.00,Person_50,2026-04
1423,2026-04-17,"08:51 PM","Person/Merchant Payment",Debit,55.00,Person_193,2026-04
1424,2026-04-18,"06:53 PM","Person/Merchant Payment",Debit,50.00,Person_323,2026-04
1425,2026-04-18,"07:01 PM","Money Received",Credit,120.00,Person_37,2026-04
1426,2026-04-18,"10:59 PM","Person/Merchant Payment",Debit,100.00,Person_324,2026-04
1427,2026-04-19,"06:40 PM","Person/Merchant Payment",Debit,1000.00,Person_6,2026-04
1428,2026-04-19,"08:14 PM","Money Received",Credit,6000.00,Person_37,2026-04
1429,2026-04-20,"11:21 AM","Person/Merchant Payment",Debit,100.00,Person_193,2026-04
1430,2026-04-20,"02:16 PM","Money Received",Credit,5000.00,Person_325,2026-04
1431,2026-04-20,"03:13 PM","Person/Merchant Payment",Debit,2640.00,Person_326,2026-04
1432,2026-04-21,"09:34 AM","Person/Merchant Payment",Debit,2000.00,Person_163,2026-04
1433,2026-04-22,"09:35 AM","Person/Merchant Payment",Debit,5000.00,Person_45,2026-04
1434,2026-04-22,"11:01 AM","Person/Merchant Payment",Debit,1000.00,Person_327,2026-04
1435,2026-04-22,"11:04 AM","Money Received",Credit,5000.00,Person_37,2026-04
1436,2026-04-22,"11:06 AM","Money Received",Credit,1000.00,Person_327,2026-04
1437,2026-04-22,"11:08 AM","Person/Merchant Payment",Debit,6370.00,Person_172,2026-04
1438,2026-04-23,"11:40 AM",Education/Fees,Debit,6284.00,Person_5,2026-04
1439,2026-04-23,"01:04 PM","Person/Merchant Payment",Debit,100.00,Person_6,2026-04
1440,2026-04-23,"01:05 PM","Person/Merchant Payment",Debit,300.00,Person_328,2026-04
1441,2026-04-23,"03:23 PM","Money Received",Credit,500.00,Person_37,2026-04
1442,2026-04-23,"10:12 PM","Person/Merchant Payment",Debit,500.00,Person_17,2026-04
1443,2026-04-25,"04:52 PM","Money Received",Credit,7500.00,Person_17,2026-04
1444,2026-04-25,"06:03 PM","Person/Merchant Payment",Debit,2000.00,Person_17,2026-04
1445,2026-04-25,"09:07 PM","Person/Merchant Payment",Debit,500.00,Person_45,2026-04
1446,2026-04-26,"07:22 AM","Person/Merchant Payment",Debit,283.00,Person_45,2026-04
1447,2026-04-26,"06:09 PM","Money Received",Credit,4000.00,Person_37,2026-04
1448,2026-04-26,"06:12 PM","Person/Merchant Payment",Debit,4000.00,Person_156,2026-04
1449,2026-04-26,"06:22 PM","Money Received",Credit,199.00,Person_2,2026-04
1450,2026-04-26,"06:23 PM","Person/Merchant Payment",Debit,199.00,"ZEPTO MARKETPLACE PRIVATE LIMITED",2026-04
1451,2026-04-27,"10:12 AM","Person/Merchant Payment",Debit,9000.00,Person_45,2026-04
1452,2026-04-27,"06:37 PM","Person/Merchant Payment",Debit,15.00,Person_158,2026-04
1453,2026-04-27,"07:00 PM","Person/Merchant Payment",Debit,1500.00,Person_172,2026-04
1454,2026-04-27,"08:17 PM","Money Received",Credit,500.00,Person_37,2026-04
1455,2026-04-28,"12:05 PM","Money Received",Credit,1200.00,Person_37,2026-04
1456,2026-04-28,"01:26 PM",Education/Fees,Debit,1680.00,Person_5,2026-04
1457,2026-04-28,"01:30 PM","Money Received",Credit,1680.00,Person_3,2026-04
1458,2026-04-28,"01:30 PM",Education/Fees,Debit,1680.00,Person_5,2026-04
1459,2026-04-28,"01:36 PM","Person/Merchant Payment",Debit,8.00,Person_329,2026-04
1460,2026-04-29,"11:18 AM","Person/Merchant Payment",Debit,100.00,Person_259,2026-04
1461,2026-04-29,"12:37 PM","Person/Merchant Payment",Debit,10.00,Person_147,2026-04
1462,2026-04-30,"11:12 AM","Person/Merchant Payment",Debit,4000.00,Person_50,2026-04
1463,2026-04-30,"11:12 AM","Person/Merchant Payment",Debit,1500.00,Person_50,2026-04
1464,2026-04-30,"11:23 AM","Money Received",Credit,500.00,Person_37,2026-04
1465,2026-04-30,"11:24 AM","Person/Merchant Payment",Debit,500.00,Person_50,2026-04
1466,2026-04-30,"11:26 AM","Money Received",Credit,500.00,Person_246,2026-04
1467,2026-04-30,"12:49 PM","Money Received",Credit,2000.00,Person_330,2026-04
1468,2026-04-30,"12:52 PM","Person/Merchant Payment",Debit,2000.00,Person_156,2026-04
1469,2026-04-30,"07:05 PM","Person/Merchant Payment",Debit,500.00,Person_246,2026-04
1470,2026-04-30,"07:12 PM","Money Received",Credit,2000.00,Person_37,2026-04
1471,2026-04-30,"07:34 PM","Money Received",Credit,100.00,Person_259,2026-04
1472,2026-04-30,"08:21 PM",Recharge,Debit,33.00,Person_18,2026-04
1473,2026-05-01,"11:34 AM","Person/Merchant Payment",Debit,300.00,Person_240,2026-05
1474,2026-05-01,"11:38 AM","Person/Merchant Payment",Debit,118.00,"ZEPTO MARKETPLACE PRIVATE LIMITED",2026-05
1475,2026-05-01,"01:21 PM","Money Received",Credit,300.00,Person_331,2026-05
1476,2026-05-01,"09:05 PM","Money Received",Credit,150.00,Person_50,2026-05
1477,2026-05-01,"10:39 PM","Person/Merchant Payment",Debit,1600.00,Person_332,2026-05
1478,2026-05-02,"09:30 AM","Money Received",Credit,2000.00,Person_37,2026-05
1479,2026-05-02,"12:41 PM","Person/Merchant Payment",Debit,500.00,Person_333,2026-05
1480,2026-05-02,"03:44 PM","Person/Merchant Payment",Debit,106.00,"ZEPTO MARKETPLACE PRIVATE LIMITED",2026-05
1481,2026-05-03,"10:40 AM","Money Received",Credit,34.00,Person_50,2026-05
1482,2026-05-03,"10:41 AM","Person/Merchant Payment",Debit,2000.00,Person_334,2026-05
1483,2026-05-03,"12:33 PM","Money Received",Credit,4500.00,Person_78,2026-05
1484,2026-05-04,"09:14 AM","Money Received",Credit,5100.00,Person_335,2026-05
1485,2026-05-04,"11:39 AM","Person/Merchant Payment",Debit,350.00,Person_156,2026-05
1486,2026-05-04,"11:47 AM","Person/Merchant Payment",Debit,30.00,Person_156,2026-05
1487,2026-05-05,"08:33 AM","Person/Merchant Payment",Debit,7.00,Person_329,2026-05
1488,2026-05-05,"06:53 PM","Person/Merchant Payment",Debit,200.00,Person_156,2026-05
1489,2026-05-06,"07:59 AM","Person/Merchant Payment",Debit,100.00,Person_336,2026-05
1490,2026-05-06,"08:00 AM","Person/Merchant Payment",Debit,4500.00,Person_172,2026-05
1491,2026-05-06,"11:13 AM","Person/Merchant Payment",Debit,4000.00,Person_45,2026-05
1492,2026-05-06,"06:39 PM","Person/Merchant Payment",Debit,10.00,Person_138,2026-05
1493,2026-05-07,"03:18 AM","Money Received",Credit,100.00,Person_2,2026-05
1494,2026-05-07,"07:13 AM","Money Received",Credit,17000.00,Person_246,2026-05
1495,2026-05-07,"07:19 AM","Person/Merchant Payment",Debit,17000.00,Person_246,2026-05
1496,2026-05-07,"09:29 AM","Person/Merchant Payment",Debit,1400.00,Person_156,2026-05
1497,2026-05-07,"10:22 AM","Person/Merchant Payment",Debit,139.00,Person_337,2026-05
1498,2026-05-07,"02:15 PM","Person/Merchant Payment",Debit,105.00,Person_338,2026-05
1499,2026-05-07,"02:16 PM","Person/Merchant Payment",Debit,200.00,Person_156,2026-05
1500,2026-05-07,"09:42 PM","Money Received",Credit,7000.00,Person_50,2026-05
1501,2026-05-07,"09:42 PM","Person/Merchant Payment",Debit,7000.00,Person_45,2026-05
1502,2026-05-08,"02:37 PM","Person/Merchant Payment",Debit,30.00,Person_339,2026-05
1503,2026-05-08,"06:39 PM","Money Received",Credit,6800.00,Person_17,2026-05
1504,2026-05-09,"03:25 PM","Money Received",Credit,100.00,Person_336,2026-05
1505,2026-05-09,"06:41 PM","Person/Merchant Payment",Debit,130.00,Person_340,2026-05
1506,2026-05-09,"08:57 PM","Money Received",Credit,130.00,Person_1,2026-05
1507,2026-05-09,"09:29 PM","Food & Dining",Debit,1040.00,Person_341,2026-05
1508,2026-05-10,"11:40 AM","Money Received",Credit,200.00,Person_259,2026-05
1509,2026-05-10,"11:44 AM","Person/Merchant Payment",Debit,200.00,Person_259,2026-05
1510,2026-05-10,"09:13 PM","Person/Merchant Payment",Debit,150.00,Person_156,2026-05
1511,2026-05-11,"06:44 PM","Person/Merchant Payment",Debit,14.00,Person_342,2026-05
1512,2026-05-12,"11:26 AM","Person/Merchant Payment",Debit,300.00,Person_240,2026-05
1513,2026-05-12,"11:33 AM","Person/Merchant Payment",Debit,10.00,Person_147,2026-05
1514,2026-05-12,"07:33 PM","Person/Merchant Payment",Debit,96.00,Person_6,2026-05
1515,2026-05-12,"07:33 PM","UPI Lite Top-up",Debit,100.00,Person_4,2026-05
1516,2026-05-12,"08:28 PM","Person/Merchant Payment",Debit,2500.00,Person_50,2026-05
1517,2026-05-12,"08:49 PM","Money Received",Credit,3530.00,Person_17,2026-05
1518,2026-05-12,"08:53 PM","Person/Merchant Payment",Debit,100.00,Person_17,2026-05
1519,2026-05-12,"09:06 PM","UPI Lite Top-up",Debit,100.00,Person_4,2026-05
1520,2026-05-13,"12:54 PM","Money Received",Credit,300.00,Person_259,2026-05
1521,2026-05-13,"03:45 PM","Person/Merchant Payment",Debit,300.00,Person_343,2026-05
1522,2026-05-13,"07:34 PM","Money Received",Credit,300.00,Person_155,2026-05
1523,2026-05-13,"08:10 PM","Money Received",Credit,177.00,Person_11,2026-05
1524,2026-05-13,"08:11 PM","Person/Merchant Payment",Debit,177.00,"ZEPTO MARKETPLACE PRIVATE LIMITED",2026-05
1525,2026-05-13,"08:35 PM",Others,Debit,164.00,Person_29,2026-05
1526,2026-05-13,"10:42 PM",Recharge,Debit,22.00,Person_18,2026-05
1527,2026-05-14,"11:42 AM","Person/Merchant Payment",Debit,3430.00,Person_17,2026-05
1528,2026-05-14,"07:12 PM","Person/Merchant Payment",Debit,25.00,Person_257,2026-05
1529,2026-05-15,"11:45 PM","Person/Merchant Payment",Debit,300.00,Person_259,2026-05
1530,2026-05-16,"10:08 AM","Money Received",Credit,294.00,Person_11,2026-05
1531,2026-05-16,"10:09 AM","Person/Merchant Payment",Debit,294.00,"ZEPTO MARKETPLACE PRIVATE LIMITED",2026-05
1532,2026-05-16,"02:17 PM","Person/Merchant Payment",Debit,20.00,Person_344,2026-05
1533,2026-05-18,"07:58 PM","Money Received",Credit,213.00,Person_10,2026-05
1534,2026-05-18,"08:00 PM","Person/Merchant Payment",Debit,213.00,"ZEPTO MARKETPLACE PRIVATE LIMITED",2026-05
1535,2026-05-19,"06:54 PM","Money Received",Credit,500.00,Person_2,2026-05
1536,2026-05-19,"08:36 PM","Person/Merchant Payment",Debit,154.00,Person_329,2026-05
1537,2026-05-19,"08:46 PM","Person/Merchant Payment",Debit,125.00,Person_47,2026-05
1538,2026-05-19,"09:59 PM","Person/Merchant Payment",Debit,400.00,Person_2,2026-05
1539,2026-05-21,"10:39 AM","Person/Merchant Payment",Debit,20.00,Person_345,2026-05
1540,2026-05-21,"10:40 AM","Money Received",Credit,200.00,Person_3,2026-05
1541,2026-05-21,"10:47 AM","Money Received",Credit,8000.00,Person_346,2026-05
1542,2026-05-21,"10:54 AM",Education/Fees,Debit,1200.00,Person_5,2026-05
1543,2026-05-21,"11:16 AM","Person/Merchant Payment",Debit,6800.00,Person_172,2026-05
1544,2026-05-21,"12:43 PM","Person/Merchant Payment",Debit,800.00,Person_2,2026-05
1545,2026-05-21,"03:14 PM","Person/Merchant Payment",Debit,166.00,Person_329,2026-05
1546,2026-05-21,"11:45 PM","Person/Merchant Payment",Debit,430.00,Person_6,2026-05
1547,2026-05-22,"11:17 AM","Money Received",Credit,1200.00,Person_3,2026-05
1548,2026-05-22,"11:18 AM",Education/Fees,Debit,1200.00,Person_5,2026-05
1549,2026-05-22,"01:24 PM","Person/Merchant Payment",Debit,992.00,Person_17,2026-05
1550,2026-05-22,"01:25 PM","UPI Lite Top-up",Debit,450.00,Person_4,2026-05
1551,2026-05-22,"01:38 PM","Person/Merchant Payment",Debit,6000.00,Person_6,2026-05
1552,2026-05-23,"08:59 AM","Person/Merchant Payment",Debit,20.00,Person_138,2026-05
1553,2026-05-24,"12:40 PM","Person/Merchant Payment",Debit,14.00,Person_138,2026-05
1554,2026-05-25,"02:39 PM","Person/Merchant Payment",Debit,10.00,Person_103,2026-05
1555,2026-05-27,"08:39 PM","Money Received",Credit,150.00,Person_37,2026-05
1556,2026-05-28,"09:43 PM","Money Received",Credit,700.00,Person_12,2026-05
1557,2026-05-28,"09:47 PM","Person/Merchant Payment",Debit,500.00,Person_50,2026-05
1558,2026-05-28,"09:48 PM","Person/Merchant Payment",Debit,200.00,Person_193,2026-05
1559,2026-05-29,"06:25 PM","Money Received",Credit,1000.00,Person_333,2026-05
1560,2026-05-30,"02:01 PM","Person/Merchant Payment",Debit,280.00,Person_17,2026-05
1561,2026-05-31,"02:33 PM","Money Received",Credit,800.00,Person_2,2026-05
1562,2026-05-31,"03:01 PM","Person/Merchant Payment",Debit,1000.00,Person_198,2026-05
1563,2026-05-31,"04:49 PM","Person/Merchant Payment",Debit,500.00,Person_240,2026-05
1564,2026-06-02,"05:17 PM","Person/Merchant Payment",Debit,95.00,Person_347,2026-06
1565,2026-06-02,"08:48 PM","Money Received",Credit,2130.00,Person_12,2026-06
1566,2026-06-02,"09:29 PM",Recharge,Debit,22.00,Person_18,2026-06
1567,2026-06-03,"12:56 PM","Money Received",Credit,500.00,Person_348,2026-06
1568,2026-06-03,"12:57 PM","Person/Merchant Payment",Debit,2500.00,Person_349,2026-06
1569,2026-06-03,"12:58 PM","Money Received",Credit,200.00,Person_50,2026-06
1570,2026-06-03,"01:01 PM","Person/Merchant Payment",Debit,200.00,Person_50,2026-06
1571,2026-06-03,"01:04 PM","Person/Merchant Payment",Debit,200.00,Person_50,2026-06
1572,2026-06-03,"01:04 PM","Money Received",Credit,200.00,Person_50,2026-06
1573,2026-06-04,"12:23 PM","Person/Merchant Payment",Debit,2000.00,Person_6,2026-06
1574,2026-06-04,"05:23 PM",Recharge,Debit,26.00,Person_18,2026-06
1575,2026-06-04,"05:27 PM","Money Received",Credit,500.00,Person_331,2026-06
1576,2026-06-04,"05:29 PM","UPI Lite Top-up",Debit,500.00,Person_4,2026-06
1577,2026-06-04,"10:54 PM","Person/Merchant Payment",Debit,300.00,Person_156,2026-06
1578,2026-06-04,"10:54 PM","UPI Lite Top-up",Debit,300.00,Person_4,2026-06
1579,2026-06-05,"04:03 PM","Person/Merchant Payment",Debit,50.00,Person_50,2026-06
1580,2026-06-05,"04:59 PM","Money Received",Credit,100.00,Person_2,2026-06
1581,2026-06-05,"05:21 PM","Person/Merchant Payment",Debit,79.00,Person_350,2026-06
1582,2026-06-07,"06:46 PM","Money Received",Credit,6800.00,Person_17,2026-06
1583,2026-06-08,"01:10 PM","Person/Merchant Payment",Debit,2500.00,Person_50,2026-06
1584,2026-06-08,"01:40 PM","Person/Merchant Payment",Debit,150.00,Person_50,2026-06
1585,2026-06-09,"09:57 AM","Person/Merchant Payment",Debit,200.00,Person_50,2026-06
1586,2026-06-12,"02:05 PM","Person/Merchant Payment",Debit,350.00,Person_351,2026-06
1587,2026-06-14,"03:08 PM","Money Received",Credit,500.00,Person_12,2026-06
1588,2026-06-14,"06:07 PM","Money Received",Credit,600.00,Person_12,2026-06
1589,2026-06-14,"08:31 PM","UPI Lite Top-up",Debit,1100.00,Person_4,2026-06
1590,2026-06-15,"11:49 AM","Person/Merchant Payment",Debit,1000.00,Person_12,2026-06
1591,2026-06-15,"11:49 AM","Person/Merchant Payment",Debit,100.00,Person_12,2026-06
1592,2026-06-16,"03:15 PM","Person/Merchant Payment",Debit,300.00,Person_240,2026-06
1593,2026-06-19,"09:52 AM","Money Received",Credit,25000.00,Person_352,2026-06
1594,2026-06-19,"09:56 AM","Money Received",Credit,25000.00,Person_352,2026-06
1595,2026-06-19,"09:58 PM","Person/Merchant Payment",Debit,205.00,Person_353,2026-06
1596,2026-06-20,"09:57 AM","Person/Merchant Payment",Debit,10000.00,Person_17,2026-06
1597,2026-06-20,"11:29 AM","Person/Merchant Payment",Debit,10000.00,Person_172,2026-06
1598,2026-06-20,"12:32 PM","Money Received",Credit,500.00,Person_354,2026-06
1599,2026-06-20,"01:26 PM","Money Received",Credit,40.00,Person_2,2026-06
1600,2026-06-20,"02:01 PM","Money Received",Credit,50.00,Person_17,2026-06
1601,2026-06-20,"02:02 PM","Person/Merchant Payment",Debit,620.00,Person_355,2026-06
1602,2026-06-20,"08:00 PM","Person/Merchant Payment",Debit,2000.00,Person_209,2026-06
1603,2026-06-21,"08:08 PM","Person/Merchant Payment",Debit,110.00,Person_356,2026-06
1604,2026-06-21,"08:10 PM","Person/Merchant Payment",Debit,24.00,Person_357,2026-06
1605,2026-06-21,"09:59 PM","Person/Merchant Payment",Debit,30.00,Person_357,2026-06
1606,2026-06-21,"10:37 PM","Person/Merchant Payment",Debit,1.00,Person_358,2026-06
1607,2026-06-21,"10:37 PM","Money Received",Credit,1000.00,Person_359,2026-06
1608,2026-06-21,"10:41 PM","Person/Merchant Payment",Debit,9320.00,Person_156,2026-06
1609,2026-06-21,"10:43 PM","Person/Merchant Payment",Debit,48.00,Person_172,2026-06
1610,2026-06-21,"10:44 PM","Person/Merchant Payment",Debit,96.00,Person_172,2026-06
1611,2026-06-21,"10:47 PM","Person/Merchant Payment",Debit,27800.00,Person_172,2026-06
1612,2026-06-21,"10:49 PM","Person/Merchant Payment",Debit,870.00,Person_6,2026-06
1613,2026-06-21,"10:49 PM","UPI Lite Top-up",Debit,878.00,Person_4,2026-06
1614,2026-06-22,"07:45 AM","Person/Merchant Payment",Debit,2000.00,Person_209,2026-06
1615,2026-06-22,"02:16 PM","Person/Merchant Payment",Debit,10000.00,Person_360,2026-06
1616,2026-06-23,"10:05 AM","Person/Merchant Payment",Debit,45.00,Person_361,2026-06
1617,2026-06-23,"11:58 AM","Person/Merchant Payment",Debit,4000.00,Person_12,2026-06
1618,2026-06-23,"01:32 PM","Money Received",Credit,45.00,Person_12,2026-06
1619,2026-06-23,"01:33 PM","Person/Merchant Payment",Debit,45.00,Person_12,2026-06
1620,2026-06-23,"01:34 PM","UPI Lite Top-up",Debit,45.00,Person_4,2026-06
1621,2026-06-23,"02:20 PM","Person/Merchant Payment",Debit,62.00,Person_362,2026-06
1622,2026-06-23,"02:27 PM","Person/Merchant Payment",Debit,129.00,Person_17,2026-06
1623,2026-06-24,"03:37 PM","Person/Merchant Payment",Debit,982.00,Person_17,2026-06
1624,2026-06-24,"03:38 PM","UPI Lite Top-up",Debit,400.00,Person_4,2026-06
1625,2026-06-24,"03:38 PM","Person/Merchant Payment",Debit,400.00,Person_6,2026-06
1626,2026-06-25,"01:37 PM","Person/Merchant Payment",Debit,2000.00,Person_363,2026-06
1627,2026-06-25,"03:56 PM","Person/Merchant Payment",Debit,2300.00,Person_198,2026-06
1628,2026-06-25,"06:39 PM","Person/Merchant Payment",Debit,1500.00,Person_240,2026-06
1629,2026-06-25,"07:41 PM","Person/Merchant Payment",Debit,1000.00,Person_198,2026-06
1630,2026-06-26,"12:12 PM","Money Received",Credit,1500.00,Person_331,2026-06
1631,2026-06-26,"04:50 PM","Person/Merchant Payment",Debit,730.00,Person_364,2026-06
1632,2026-06-26,"07:34 PM","Money Received",Credit,100.00,Person_12,2026-06
1633,2026-06-26,"08:10 PM","Person/Merchant Payment",Debit,110.00,Person_50,2026-06
1634,2026-06-26,"08:12 PM","Person/Merchant Payment",Debit,4800.00,Person_6,2026-06
1635,2026-06-26,"09:38 PM","Person/Merchant Payment",Debit,1000.00,Person_198,2026-06
1636,2026-06-27,"09:15 AM","Person/Merchant Payment",Debit,524.00,Person_365,2026-06
1637,2026-06-27,"01:47 PM","Person/Merchant Payment",Debit,400.00,Person_331,2026-06
1638,2026-06-27,"01:59 PM","Person/Merchant Payment",Debit,300.00,Person_198,2026-06
1639,2026-06-29,"01:29 AM","Person/Merchant Payment",Debit,887.00,Person_17,2026-06
1640,2026-06-29,"01:47 AM","Person/Merchant Payment",Debit,100.00,Person_50,2026-06
1641,2026-06-29,"03:22 PM","Money Received",Credit,1000.00,Person_17,2026-06
1642,2026-06-29,"03:22 PM","Money Received",Credit,69.00,Person_17,2026-06
1643,2026-06-29,"03:23 PM","Person/Merchant Payment",Debit,1069.00,Person_17,2026-06
1644,2026-06-29,"05:50 PM","Person/Merchant Payment",Debit,100.00,Person_366,2026-06
1645,2026-06-29,"07:08 PM","Person/Merchant Payment",Debit,2000.00,Person_84,2026-06
1646,2026-06-29,"07:38 PM","Money Received",Credit,1500.00,Person_367,2026-06
1647,2026-06-30,"10:57 AM","Person/Merchant Payment",Debit,5300.00,Person_368,2026-06
1648,2026-06-30,"12:10 PM","Person/Merchant Payment",Debit,2120.00,Person_369,2026-06
1649,2026-06-30,"05:01 PM","Money Received",Credit,1211.00,Person_156,2026-06
1650,2026-06-30,"07:33 PM","Person/Merchant Payment",Debit,2500.00,Person_332,2026-06
1651,2026-06-30,"08:02 PM","Money Received",Credit,500.00,Person_367,2026-06
1652,2026-06-30,"09:35 PM","Money Received",Credit,2000.00,Person_370,2026-06
1653,2026-06-30,"09:38 PM","Person/Merchant Payment",Debit,2000.00,Person_128,2026-06
1654,2026-07-01,"08:30 PM",Recharge,Debit,26.00,Person_18,2026-07
1655,2026-07-02,"01:06 PM","Money Received",Credit,24.00,Person_128,2026-07
1656,2026-07-02,"01:06 PM","Person/Merchant Payment",Debit,24.00,Person_362,2026-07
1657,2026-07-03,"01:07 PM","Person/Merchant Payment",Debit,500.00,Person_371,2026-07
1658,2026-07-03,"08:23 PM","Person/Merchant Payment",Debit,61.00,Person_372,2026-07
1659,2026-07-04,"06:26 AM","Person/Merchant Payment",Debit,100.00,Person_373,2026-07
1660,2026-07-04,"12:23 PM","Money Received",Credit,4930.00,Person_156,2026-07
1661,2026-07-04,"12:24 PM","Money Received",Credit,3578.00,Person_156,2026-07
1662,2026-07-04,"12:57 PM","Money Received",Credit,1000.00,Person_128,2026-07
1663,2026-07-04,"12:57 PM","Money Received",Credit,1000.00,Person_128,2026-07
1664,2026-07-04,"01:13 PM","Person/Merchant Payment",Debit,1141.00,Person_6,2026-07
1665,2026-07-04,"01:14 PM","UPI Lite Top-up",Debit,1141.00,Person_4,2026-07
1666,2026-07-04,"01:50 PM","Person/Merchant Payment",Debit,197.00,Person_2,2026-07
1667,2026-07-04,"01:51 PM","Money Received",Credit,197.00,Person_2,2026-07
1668,2026-07-04,"07:32 PM","Money Received",Credit,500.00,Person_37,2026-07
1669,2026-07-04,"07:33 PM","Person/Merchant Payment",Debit,350.00,Person_193,2026-07
1670,2026-07-05,"07:47 AM","Person/Merchant Payment",Debit,1200.00,Person_374,2026-07
1671,2026-07-05,"08:20 AM","Person/Merchant Payment",Debit,300.00,Person_374,2026-07
1672,2026-07-05,"12:51 PM","Person/Merchant Payment",Debit,9320.00,Person_366,2026-07
1673,2026-07-05,"10:21 PM","Person/Merchant Payment",Debit,500.00,Person_331,2026-07
1674,2026-07-06,"12:25 AM","Person/Merchant Payment",Debit,100.00,Person_2,2026-07
1675,2026-07-06,"09:10 AM","Person/Merchant Payment",Debit,50.00,Person_45,2026-07
1676,2026-07-06,"01:07 PM","Person/Merchant Payment",Debit,20.00,Person_375,2026-07
1677,2026-07-07,"03:51 PM","Money Received",Credit,300.00,Person_376,2026-07
1678,2026-07-07,"05:19 PM","Money Received",Credit,3500.00,Person_377,2026-07
1679,2026-07-07,"10:27 PM","Money Received",Credit,240.00,Person_378,2026-07
1680,2026-07-07,"11:04 PM","Money Received",Credit,2500.00,Person_50,2026-07
1681,2026-07-07,"11:09 PM","Person/Merchant Payment",Debit,220.00,Person_50,2026-07
1682,2026-07-07,"11:10 PM","Person/Merchant Payment",Debit,2500.00,Person_6,2026-07
1683,2026-07-07,"11:10 PM","Person/Merchant Payment",Debit,6000.00,Person_128,2026-07
1684,2026-07-08,"05:21 AM","Person/Merchant Payment",Debit,500.00,Person_50,2026-07
1685,2026-07-08,"11:13 AM","Money Received",Credit,500.00,Person_128,2026-07
1686,2026-07-08,"07:24 PM","Person/Merchant Payment",Debit,20.00,Person_50,2026-07
1687,2026-07-09,"12:25 AM","UPI Lite Top-up",Debit,500.00,Person_4,2026-07
1688,2026-07-09,"12:27 AM","Person/Merchant Payment",Debit,965.00,Person_6,2026-07
1689,2026-07-09,"09:53 PM","UPI Lite Top-up",Debit,300.00,Person_4,2026-07
1690,2026-07-09,"09:55 PM","Money Received",Credit,500.00,Person_246,2026-07
1691,2026-07-09,"09:56 PM","Person/Merchant Payment",Debit,500.00,Person_246,2026-07
1692,2026-07-10,"06:35 PM","Person/Merchant Payment",Debit,118.00,Person_356,2026-07
1693,2026-07-10,"09:18 PM","Food & Dining",Debit,200.00,Person_379,2026-07
1694,2026-07-10,"09:44 PM","Food & Dining",Debit,90.00,Person_379,2026-07
1695,2026-07-10,"10:03 PM","Food & Dining",Debit,45.00,Person_379,2026-07
1696,2026-07-11,"02:27 PM","Person/Merchant Payment",Debit,12.00,Person_380,2026-07
1697,2026-07-11,"03:19 PM","Person/Merchant Payment",Debit,100.00,Person_50,2026-07
1698,2026-07-11,"03:33 PM","Money Received",Credit,335.00,Person_11,2026-07
1699,2026-07-12,"08:14 PM","Food & Dining",Debit,550.00,Person_379,2026-07
1700,2026-07-12,"08:43 PM","Money Received",Credit,1000.00,Person_88,2026-07
1701,2026-07-12,"08:46 PM","Food & Dining",Debit,165.00,Person_379,2026-07
1702,2026-07-12,"08:49 PM","Person/Merchant Payment",Debit,1000.00,Person_128,2026-07
1703,2026-07-12,"09:19 PM","Person/Merchant Payment",Debit,480.00,Person_381,2026-07
1704,2026-07-13,"12:52 PM","Person/Merchant Payment",Debit,196.00,Person_382,2026-07
