date,time,category,type,amount,counterparty
2025-01-01,08:03 AM,Person/Merchant Payment,Debit,180.0,Person_1
2025-01-01,08:03 AM,Person/Merchant Payment,Debit,180.0,Person_2
2025-01-01,08:04 AM,Person/Merchant Payment,Debit,175.0,Person_3
2025-01-01,09:30 AM,Recharge,Debit,189.0,Jio Prepaid Recharges
2025-01-01,09:45 AM,Person/Merchant Payment,Debit,20.0,Person_2
2025-01-01,09:46 AM,UPI Lite Top-up,Debit,200.0,Person_4
2025-01-01,09:47 AM,Education/Fees,Debit,20000.0,Person_5
2025-01-01,04:14 PM,Person/Merchant Payment,Debit,2536.0,Person_6
2025-01-01,04:14 PM,Person/Merchant Payment,Debit,2536.0,Person_7
2025-01-02,09:26 AM,Education/Fees,Debit,22464.0,Person_5
2025-01-03,06:08 PM,Money Received,Credit,20.0,Person_3
2025-01-03,07:07 PM,Person/Merchant Payment,Debit,20.0,Person_1
2025-01-03,07:08 PM,Person/Merchant Payment,Debit,20.0,Person_1
2025-01-04,10:53 AM,Person/Merchant Payment,Debit,140.0,Person_8
2025-01-04,06:15 PM,Person/Merchant Payment,Debit,260.0,Person_9
2025-01-04,06:57 PM,Person/Merchant Payment,Debit,136.0,Person_7
2025-01-05,06:16 PM,Money Received,Credit,20.0,Person_10
2025-01-06,03:04 PM,Money Received,Credit,25.0,Person_1
2025-01-06,03:15 PM,Person/Merchant Payment,Debit,45.0,Person_7
2025-01-06,05:52 PM,Shopping,Debit,602.0,Flipkart
2025-01-07,06:18 PM,Person/Merchant Payment,Debit,40.0,Person_11
2025-01-07,06:32 PM,Money Received,Credit,100.0,Person_12
2025-01-07,10:57 PM,Person/Merchant Payment,Debit,20.0,Person_7
2025-01-07,10:57 PM,UPI Lite Top-up,Debit,40.0,Person_4
2025-01-08,05:49 PM,Money Received,Credit,100.0,Person_2
2025-01-08,05:49 PM,Person/Merchant Payment,Debit,40.0,Person_13
2025-01-08,05:51 PM,Person/Merchant Payment,Debit,80.0,Person_9
2025-01-08,06:37 PM,Person/Merchant Payment,Debit,500.0,Person_14
2025-01-09,08:50 AM,Money Received,Credit,181.0,Person_12
2025-01-10,09:57 PM,Money Received,Credit,45.0,Person_15
2025-01-11,04:28 AM,Person/Merchant Payment,Debit,60.0,Person_7
2025-01-11,11:14 AM,Person/Merchant Payment,Debit,20.0,Person_16
2025-01-11,01:04 PM,UPI Lite Top-up,Debit,200.0,Person_4
2025-01-11,01:04 PM,UPI Lite Top-up,Debit,100.0,Person_4
2025-01-11,09:16 PM,Person/Merchant Payment,Debit,1.0,Person_2
2025-01-11,09:16 PM,UPI Lite Top-up,Debit,1.0,Person_4
2025-01-13,05:58 PM,Person/Merchant Payment,Debit,100.0,Person_10
2025-01-14,07:14 PM,Money Received,Credit,25.0,Person_17
2025-01-15,08:19 PM,Money Received,Credit,1.0,Person_12
2025-01-15,08:19 PM,Money Received,Credit,5.0,Person_12
2025-01-15,08:21 PM,Recharge,Debit,19.0,Person_18
2025-01-15,08:22 PM,UPI Lite Top-up,Debit,10.0,Person_4
2025-01-15,08:24 PM,Money Received,Credit,12.0,Person_1
2025-01-15,08:25 PM,UPI Lite Top-up,Debit,38.0,Person_4
2025-01-17,08:42 PM,Money Received,Credit,11.0,Person_15
2025-01-18,02:25 PM,Money Received,Credit,13.0,Person_17
2025-01-18,02:30 PM,Money Received,Credit,1000.0,Person_12
2025-01-18,08:00 PM,Money Received,Credit,60.0,Person_1
2025-01-19,01:57 PM,Person/Merchant Payment,Debit,500.0,Person_12
2025-01-19,02:03 PM,Money Received,Credit,500.0,Person_12
2025-01-19,06:00 PM,Person/Merchant Payment,Debit,400.0,Person_7
2025-01-19,06:13 PM,UPI Lite Top-up,Debit,50.0,Person_4
2025-01-20,09:51 AM,Money Received,Credit,80.0,Person_2
2025-01-20,10:13 AM,Person/Merchant Payment,Debit,42.0,Person_19
2025-01-20,10:26 AM,Food & Dining,Debit,40.0,Person_20
2025-01-20,10:45 AM,Person/Merchant Payment,Debit,100.0,Person_21
2025-01-24,06:27 PM,UPI Lite Top-up,Debit,21.0,Person_4
2025-01-24,07:12 PM,Money Received,Credit,500.0,Person_12
2025-01-25,08:29 AM,Person/Merchant Payment,Debit,200.0,Person_7
2025-01-25,08:33 AM,Person/Merchant Payment,Debit,200.0,Person_6
2025-01-25,08:33 AM,UPI Lite Top-up,Debit,200.0,Person_4
2025-01-26,11:17 AM,Person/Merchant Payment,Debit,20.0,Person_22
2025-01-26,11:22 AM,Money Received,Credit,10.0,Person_3
2025-01-26,11:26 AM,UPI Lite Top-up,Debit,20.0,Person_4
2025-01-26,04:33 PM,Money Received,Credit,20.0,Person_23
2025-01-26,05:43 PM,Money Received,Credit,20.0,Person_3
2025-01-28,07:44 PM,Person/Merchant Payment,Debit,500.0,Person_24
2025-01-29,03:13 PM,Person/Merchant Payment,Debit,300.0,Person_7
2025-01-29,03:14 PM,Person/Merchant Payment,Debit,300.0,Person_6
2025-01-29,03:30 PM,Person/Merchant Payment,Debit,2678.0,Person_25
2025-01-29,03:32 PM,Person/Merchant Payment,Debit,29.0,Person_25
2025-01-29,03:39 PM,Person/Merchant Payment,Debit,83.96,Person_26
2025-01-29,05:01 PM,Person/Merchant Payment,Debit,700.0,Person_27
2025-01-29,06:01 PM,Money Received,Credit,130.0,Person_3
2025-02-04,09:24 PM,Person/Merchant Payment,Debit,1000.0,Person_28
2025-02-06,02:34 PM,Money Received,Credit,1000.0,Person_28
2025-02-06,03:39 PM,Person/Merchant Payment,Debit,1000.0,Person_7
2025-02-06,09:38 PM,Person/Merchant Payment,Debit,1000.0,Person_11
2025-02-09,10:00 AM,Person/Merchant Payment,Debit,20000.0,Person_12
2025-02-09,10:03 AM,Money Received,Credit,1.0,Person_12
2025-02-09,10:03 AM,Person/Merchant Payment,Debit,1.0,Person_7
2025-02-09,10:24 AM,Others,Debit,139.0,Person_29
2025-02-09,10:24 AM,Money Received,Credit,90.0,Person_12
2025-02-09,01:35 PM,Person/Merchant Payment,Debit,700.0,Person_6
2025-02-14,09:22 PM,Money Received,Credit,40.0,Person_12
2025-02-14,09:23 PM,Others,Debit,114.0,Person_29
2025-02-14,10:14 PM,Recharge,Debit,19.0,Person_18
2025-02-15,10:56 AM,Person/Merchant Payment,Debit,100.0,Person_6
2025-02-15,10:56 AM,Person/Merchant Payment,Debit,100.0,Person_30
2025-02-17,11:25 AM,Money Received,Credit,5000.0,Person_31
2025-02-19,01:46 PM,Money Received,Credit,80.0,Person_12
2025-02-19,01:47 PM,UPI Lite Top-up,Debit,80.0,Person_4
2025-02-19,04:09 PM,Money Received,Credit,300.0,Person_12
2025-02-19,10:08 PM,UPI Lite Top-up,Debit,317.0,Person_4
2025-02-19,10:08 PM,Person/Merchant Payment,Debit,81.0,Person_6
2025-02-19,10:09 PM,UPI Lite Top-up,Debit,81.0,Person_4
2025-02-20,12:05 PM,Others,Debit,129.0,Person_29
2025-02-20,02:35 PM,Person/Merchant Payment,Debit,293.0,Person_12
2025-02-20,02:36 PM,Money Received,Credit,293.0,Person_12
2025-02-21,02:35 PM,Money Received,Credit,10.0,Person_12
2025-02-21,02:35 PM,UPI Lite Top-up,Debit,10.0,Person_4
2025-02-24,09:42 AM,Person/Merchant Payment,Debit,5000.0,Person_12
2025-02-24,10:04 AM,Money Received,Credit,5000.0,Person_12
2025-02-24,01:54 PM,Money Received,Credit,300.0,Person_12
2025-02-24,02:07 PM,Person/Merchant Payment,Debit,167.0,Person_32
2025-02-27,05:00 PM,Money Received,Credit,50.0,Person_12
2025-02-28,02:07 PM,Person/Merchant Payment,Debit,1000.0,Person_7
2025-02-28,08:30 PM,UPI Lite Top-up,Debit,183.0,Person_4
2025-02-28,08:31 PM,Person/Merchant Payment,Debit,200.0,Person_7
2025-03-01,10:15 AM,Person/Merchant Payment,Debit,1000.0,Person_2
2025-03-01,02:24 PM,Money Received,Credit,195.0,Person_3
2025-03-01,03:33 PM,Person/Merchant Payment,Debit,1510.0,Person_25
2025-03-01,04:15 PM,Person/Merchant Payment,Debit,448.0,Person_33
2025-03-01,06:13 PM,Person/Merchant Payment,Debit,170.0,Person_34
2025-03-01,06:18 PM,Person/Merchant Payment,Debit,257.0,Person_35
2025-03-01,06:54 PM,UPI Lite Top-up,Debit,170.0,Person_4
2025-03-01,07:03 PM,Person/Merchant Payment,Debit,100.0,Person_36
2025-03-01,07:04 PM,Person/Merchant Payment,Debit,50.0,Person_37
2025-03-01,08:57 PM,UPI Lite Top-up,Debit,150.0,Person_4
2025-03-01,09:12 PM,Money Received,Credit,250.0,Person_2
2025-03-01,09:12 PM,Money Received,Credit,36.0,Person_2
2025-03-01,09:15 PM,Person/Merchant Payment,Debit,286.0,Person_7
2025-03-02,02:29 PM,Person/Merchant Payment,Debit,1200.0,Person_12
2025-03-03,05:45 PM,Money Received,Credit,2000.0,Person_38
2025-03-03,07:03 PM,Person/Merchant Payment,Debit,1200.0,Person_7
2025-03-06,06:24 PM,Person/Merchant Payment,Debit,800.0,Person_7
2025-03-08,09:22 PM,Person/Merchant Payment,Debit,65.0,Person_1
2025-03-09,07:30 PM,Person/Merchant Payment,Debit,93.0,Person_17
2025-03-10,08:37 PM,Money Received,Credit,1000.0,Person_12
2025-03-11,06:59 PM,Person/Merchant Payment,Debit,1000.0,Person_7
2025-03-12,12:24 PM,Person/Merchant Payment,Debit,55.0,Person_8
2025-03-12,06:06 PM,Person/Merchant Payment,Debit,1800.0,Person_28
2025-03-15,08:50 AM,Person/Merchant Payment,Debit,10.0,Person_37
2025-03-17,01:08 PM,Money Received,Credit,1800.0,Person_28
2025-03-17,01:23 PM,Person/Merchant Payment,Debit,1800.0,Person_7
2025-03-17,08:35 PM,Person/Merchant Payment,Debit,14.0,Person_22
2025-03-19,01:50 PM,Person/Merchant Payment,Debit,40.0,Person_39
2025-03-20,07:48 PM,Money Received,Credit,100.0,Person_37
2025-03-21,05:13 PM,Person/Merchant Payment,Debit,2500.0,Person_12
2025-03-21,05:18 PM,UPI Lite Top-up,Debit,100.0,Person_4
2025-03-21,05:18 PM,UPI Lite Top-up,Debit,4.0,Person_4
2025-03-21,05:24 PM,Money Received,Credit,100.0,Person_12
2025-03-23,04:43 PM,Money Received,Credit,300.0,Person_12
2025-03-24,07:19 PM,Person/Merchant Payment,Debit,100.0,Person_40
2025-03-24,08:35 PM,Money Received,Credit,200.0,Person_37
2025-03-24,11:37 PM,Money Received,Credit,100.0,Person_1
2025-03-24,11:38 PM,Money Received,Credit,100.0,Person_11
2025-03-24,11:38 PM,Person/Merchant Payment,Debit,400.0,Person_40
2025-03-24,11:48 PM,Person/Merchant Payment,Debit,400.0,Person_7
2025-03-25,07:32 AM,Person/Merchant Payment,Debit,100.0,Person_6
2025-03-25,07:32 AM,Person/Merchant Payment,Debit,300.0,Person_7
2025-03-25,12:07 PM,Money Received,Credit,785.0,Person_41
2025-03-25,03:46 PM,Person/Merchant Payment,Debit,400.0,Person_37
2025-03-26,12:02 PM,Money Received,Credit,25.0,Person_3
2025-03-26,12:03 PM,Person/Merchant Payment,Debit,25.0,Person_11
2025-03-26,01:59 PM,Money Received,Credit,200.0,Person_37
2025-03-26,02:03 PM,Person/Merchant Payment,Debit,500.0,Person_7
2025-03-26,02:04 PM,Person/Merchant Payment,Debit,200.0,Person_37
2025-03-26,02:35 PM,Money Received,Credit,200.0,Person_37
2025-03-26,07:15 PM,Person/Merchant Payment,Debit,100.0,Person_40
2025-03-26,10:22 PM,Money Received,Credit,19.0,Person_12
2025-03-27,12:26 PM,Person/Merchant Payment,Debit,20.0,Person_37
2025-03-27,12:33 PM,Money Received,Credit,53.0,Person_12
2025-03-27,06:55 PM,Person/Merchant Payment,Debit,40.0,Person_42
2025-03-27,09:47 PM,Others,Debit,126.0,Person_29
2025-03-28,12:12 PM,Person/Merchant Payment,Debit,16.0,Person_37
2025-03-29,10:09 AM,Person/Merchant Payment,Debit,32.0,Person_43
2025-03-29,10:15 AM,Money Received,Credit,32.0,Person_12
2025-03-29,10:18 AM,Person/Merchant Payment,Debit,32.0,Person_7
2025-03-29,10:25 AM,Person/Merchant Payment,Debit,83.0,Person_6
2025-03-29,10:25 AM,UPI Lite Top-up,Debit,83.0,Person_4
2025-03-29,10:26 AM,UPI Lite Top-up,Debit,4.0,Person_4
2025-03-29,10:26 AM,Money Received,Credit,4.0,Person_12
2025-03-29,10:27 AM,Others,Debit,95.0,Person_29
2025-03-29,11:52 AM,Money Received,Credit,680.0,Person_37
2025-04-02,05:27 PM,Person/Merchant Payment,Debit,1200.0,Person_12
2025-04-04,12:39 PM,Person/Merchant Payment,Debit,20.0,Person_37
2025-04-04,03:10 PM,Money Received,Credit,3000.0,Person_11
2025-04-04,03:11 PM,Person/Merchant Payment,Debit,3000.0,Person_12
2025-04-06,09:57 AM,Person/Merchant Payment,Debit,1800.0,Person_12
2025-04-06,09:58 AM,Person/Merchant Payment,Debit,200.0,Person_12
2025-04-06,10:03 AM,Person/Merchant Payment,Debit,100.0,Person_11
2025-04-06,12:35 PM,Person/Merchant Payment,Debit,36.0,Person_12
2025-04-06,07:00 PM,Money Received,Credit,14.0,Person_2
2025-04-07,04:39 PM,Money Received,Credit,200.0,Person_37
2025-04-07,06:14 PM,Money Received,Credit,200.0,Person_2
2025-04-07,06:19 PM,Person/Merchant Payment,Debit,200.0,Person_40
2025-04-07,08:36 PM,Money Received,Credit,22.0,Person_37
2025-04-07,09:00 PM,Money Received,Credit,200.0,Person_3
2025-04-07,09:01 PM,Person/Merchant Payment,Debit,300.0,Person_44
2025-04-10,01:33 PM,Person/Merchant Payment,Debit,70.0,Person_45
2025-04-11,01:13 PM,Money Received,Credit,35.0,Person_45
2025-04-11,01:13 PM,Money Received,Credit,70.0,Person_12
2025-04-11,01:35 PM,Person/Merchant Payment,Debit,31.0,Person_15
2025-04-11,07:04 PM,Money Received,Credit,1000.0,Person_12
2025-04-12,09:11 AM,Money Received,Credit,2000.0,Person_12
2025-04-12,11:20 AM,Person/Merchant Payment,Debit,50.0,Person_45
2025-04-13,12:18 PM,Person/Merchant Payment,Debit,2000.0,Person_45
2025-04-13,12:36 PM,Money Received,Credit,2000.0,Person_12
2025-04-13,02:47 PM,Money Received,Credit,300.0,Person_12
2025-04-13,02:47 PM,Person/Merchant Payment,Debit,300.0,Person_12
2025-04-13,04:50 PM,Money Received,Credit,1700.0,Person_45
2025-04-13,04:53 PM,Person/Merchant Payment,Debit,1700.0,Person_44
2025-04-13,11:09 PM,Person/Merchant Payment,Debit,100.0,Person_46
2025-04-14,09:03 AM,Person/Merchant Payment,Debit,1079.0,Person_12
2025-04-14,10:05 AM,Shopping,Debit,467.0,FLIPKART PAYMENTS
2025-04-15,04:05 PM,Person/Merchant Payment,Debit,80.0,Person_47
2025-04-15,07:13 PM,Money Received,Credit,3000.0,Person_45
2025-04-15,07:19 PM,Person/Merchant Payment,Debit,3000.0,Person_44
2025-04-15,07:23 PM,Money Received,Credit,500.0,Person_45
2025-04-15,08:29 PM,Person/Merchant Payment,Debit,800.0,Person_48
2025-04-16,01:44 PM,Money Received,Credit,200.0,Person_11
2025-04-16,01:45 PM,Money Received,Credit,200.0,Person_1
2025-04-16,02:54 PM,Person/Merchant Payment,Debit,330.0,Person_49
2025-04-16,02:56 PM,Person/Merchant Payment,Debit,10.0,Person_34
2025-04-16,07:30 PM,Person/Merchant Payment,Debit,60.0,Person_11
2025-04-17,07:30 PM,Money Received,Credit,100.0,Person_45
2025-04-18,09:51 AM,Money Received,Credit,40.0,Person_12
2025-04-18,09:51 AM,Money Received,Credit,2600.0,Person_50
2025-04-18,09:52 AM,Person/Merchant Payment,Debit,2640.0,Person_12
2025-04-18,11:21 AM,Person/Merchant Payment,Debit,4000.0,Person_45
2025-04-18,02:30 PM,Person/Merchant Payment,Debit,300.0,Person_51
2025-04-18,02:38 PM,Person/Merchant Payment,Debit,260.0,Person_52
2025-04-18,02:58 PM,Person/Merchant Payment,Debit,50.0,Person_12
2025-04-18,02:59 PM,Person/Merchant Payment,Debit,10.0,Person_12
2025-04-18,03:16 PM,Person/Merchant Payment,Debit,60.0,Person_53
2025-04-19,03:24 PM,Money Received,Credit,2000.0,Person_45
2025-04-19,03:27 PM,Person/Merchant Payment,Debit,2000.0,Person_44
2025-04-20,07:59 AM,Money Received,Credit,30.0,Person_45
2025-04-20,08:00 AM,Person/Merchant Payment,Debit,30.0,Person_45
2025-04-20,01:03 PM,Person/Merchant Payment,Debit,2500.0,Person_45
2025-04-20,01:05 PM,Money Received,Credit,1000.0,Person_45
2025-04-20,01:19 PM,Money Received,Credit,3000.0,Person_12
2025-04-20,01:22 PM,Person/Merchant Payment,Debit,1000.0,Person_44
2025-04-20,03:05 PM,Person/Merchant Payment,Debit,530.0,Person_54
2025-04-20,03:26 PM,Money Received,Credit,1300.0,Person_45
2025-04-20,03:29 PM,Person/Merchant Payment,Debit,1300.0,Person_44
2025-04-21,01:43 PM,Person/Merchant Payment,Debit,500.0,Person_45
2025-04-21,07:59 PM,Money Received,Credit,2000.0,Person_55
2025-04-23,08:24 PM,Money Received,Credit,500.0,Person_45
2025-04-23,08:26 PM,Person/Merchant Payment,Debit,500.0,Person_44
2025-04-24,09:00 PM,Money Received,Credit,1500.0,Person_37
2025-04-24,09:03 PM,Person/Merchant Payment,Debit,1500.0,Person_56
2025-04-24,10:29 PM,Money Received,Credit,500.0,Person_45
2025-04-25,09:04 AM,Money Received,Credit,2000.0,Person_57
2025-04-25,09:29 AM,Person/Merchant Payment,Debit,20.0,Person_58
2025-04-25,11:53 AM,Money Received,Credit,500.0,Person_59
2025-04-25,12:13 PM,Person/Merchant Payment,Debit,4000.0,Person_60
2025-04-25,12:27 PM,Person/Merchant Payment,Debit,8.0,Person_11
2025-04-25,12:27 PM,Person/Merchant Payment,Debit,500.0,Person_7
2025-04-25,01:08 PM,Person/Merchant Payment,Debit,10.0,Person_61
2025-04-25,03:26 PM,Person/Merchant Payment,Debit,120.0,Person_62
2025-04-25,03:46 PM,Money Received,Credit,120.0,Person_37
2025-04-25,10:13 PM,Money Received,Credit,1700.0,Person_37
2025-04-25,10:18 PM,Person/Merchant Payment,Debit,1700.0,Person_63
2025-04-26,11:17 AM,Person/Merchant Payment,Debit,350.0,Person_11
2025-04-26,01:58 PM,Person/Merchant Payment,Debit,500.0,Person_45
2025-04-26,04:15 PM,Person/Merchant Payment,Debit,150.0,Person_33
2025-04-26,04:33 PM,Food & Dining,Debit,30.0,Person_64
2025-04-26,06:57 PM,Money Received,Credit,350.0,Person_1
2025-04-26,06:57 PM,Money Received,Credit,350.0,Person_65
2025-04-26,07:15 PM,Money Received,Credit,350.0,Person_11
2025-04-26,07:17 PM,Money Received,Credit,1000.0,Person_11
2025-04-26,07:20 PM,Person/Merchant Payment,Debit,900.0,Person_49
2025-04-26,07:33 PM,Person/Merchant Payment,Debit,60.0,Person_39
2025-04-26,08:14 PM,Person/Merchant Payment,Debit,2000.0,Person_63
2025-04-26,10:30 PM,Person/Merchant Payment,Debit,50.0,Person_10
2025-04-27,01:56 PM,Person/Merchant Payment,Debit,2850.0,Person_45
2025-04-27,08:35 PM,Money Received,Credit,2500.0,Person_66
2025-04-27,08:40 PM,Person/Merchant Payment,Debit,2000.0,Person_67
2025-04-28,11:26 AM,Money Received,Credit,1000.0,Person_68
2025-04-28,11:26 AM,Person/Merchant Payment,Debit,1000.0,Person_11
2025-04-28,04:08 PM,Money Received,Credit,20000.0,Person_12
2025-04-28,04:09 PM,Money Received,Credit,5000.0,Person_12
2025-04-28,04:16 PM,Person/Merchant Payment,Debit,25000.0,Person_7
2025-04-28,07:31 PM,Person/Merchant Payment,Debit,2000.0,Person_45
2025-04-29,10:09 AM,Money Received,Credit,7000.0,Person_12
2025-04-29,10:11 AM,Person/Merchant Payment,Debit,351.0,Person_7
2025-04-29,10:11 AM,Person/Merchant Payment,Debit,7000.0,Person_7
2025-04-29,10:11 AM,Money Received,Credit,351.0,Person_12
2025-04-30,08:03 AM,Person/Merchant Payment,Debit,1000.0,Person_69
2025-04-30,08:07 AM,Person/Merchant Payment,Debit,1000.0,Person_28
2025-04-30,08:10 AM,Money Received,Credit,1000.0,Person_70
2025-04-30,05:12 PM,Person/Merchant Payment,Debit,1000.0,Person_7
2025-04-30,05:14 PM,Person/Merchant Payment,Debit,500.0,Person_28
2025-04-30,05:29 PM,Money Received,Credit,65.0,Person_15
2025-04-30,05:29 PM,Money Received,Credit,65.0,Person_1
2025-05-01,10:00 AM,Person/Merchant Payment,Debit,500.0,Person_71
2025-05-01,05:25 PM,Money Received,Credit,50.0,Person_15
2025-05-01,05:26 PM,Money Received,Credit,50.0,Person_17
2025-05-01,05:26 PM,Money Received,Credit,50.0,Person_1
2025-05-01,06:21 PM,Money Received,Credit,89.0,Person_11
2025-05-01,06:29 PM,Person/Merchant Payment,Debit,340.0,Person_49
2025-05-01,06:59 PM,Person/Merchant Payment,Debit,10.0,Person_72
2025-05-02,08:57 AM,Money Received,Credit,2000.0,Person_37
2025-05-02,09:01 AM,UPI Lite Top-up,Debit,1000.0,Person_4
2025-05-02,06:17 PM,Person/Merchant Payment,Debit,6.0,Person_8
2025-05-02,10:29 PM,Person/Merchant Payment,Debit,1000.0,Person_11
2025-05-02,10:36 PM,Money Received,Credit,500.0,Person_37
2025-05-02,11:47 PM,Money Received,Credit,500.0,Person_71
2025-05-03,06:19 PM,Money Received,Credit,500.0,Person_37
2025-05-03,07:05 PM,UPI Lite Top-up,Debit,1000.0,Person_4
2025-05-03,07:06 PM,Person/Merchant Payment,Debit,500.0,Person_7
2025-05-03,07:06 PM,UPI Lite Top-up,Debit,500.0,Person_4
2025-05-03,09:25 PM,Person/Merchant Payment,Debit,500.0,Person_73
2025-05-04,08:46 PM,Person/Merchant Payment,Debit,6000.0,Person_45
2025-05-05,12:18 PM,Person/Merchant Payment,Debit,1000.0,Person_58
2025-05-05,03:45 PM,Person/Merchant Payment,Debit,50.0,Person_33
2025-05-05,07:43 PM,Person/Merchant Payment,Debit,100.0,Person_74
2025-05-06,07:28 PM,Person/Merchant Payment,Debit,4000.0,Person_74
2025-05-06,08:57 PM,Person/Merchant Payment,Debit,1000.0,Person_28
2025-05-06,09:03 PM,Person/Merchant Payment,Debit,1000.0,Person_7
2025-05-06,09:55 PM,UPI Lite Top-up,Debit,1000.0,Person_4
2025-05-06,09:57 PM,Person/Merchant Payment,Debit,200.0,Person_6
2025-05-06,11:27 PM,Money Received,Credit,500.0,Person_37
2025-05-06,11:29 PM,Person/Merchant Payment,Debit,500.0,Person_45
2025-05-07,11:14 AM,Person/Merchant Payment,Debit,1000.0,Person_28
2025-05-07,11:20 AM,Money Received,Credit,1000.0,Person_71
2025-05-07,02:20 PM,UPI Lite Top-up,Debit,1000.0,Person_4
2025-05-08,02:13 PM,Person/Merchant Payment,Debit,3500.0,Person_71
2025-05-08,09:03 PM,Person/Merchant Payment,Debit,500.0,Person_75
2025-05-08,09:26 PM,Money Received,Credit,3500.0,Person_71
2025-05-08,10:03 PM,Money Received,Credit,500.0,Person_28
2025-05-09,09:35 AM,Person/Merchant Payment,Debit,3500.0,Person_7
2025-05-09,09:36 AM,Person/Merchant Payment,Debit,26.0,Person_15
2025-05-09,01:42 PM,Person/Merchant Payment,Debit,30.0,Person_72
2025-05-09,03:45 PM,Person/Merchant Payment,Debit,149.0,Person_45
2025-05-12,10:46 AM,Money Received,Credit,1000.0,Person_2
2025-05-12,12:36 PM,Person/Merchant Payment,Debit,80.0,Person_15
2025-05-12,12:36 PM,UPI Lite Top-up,Debit,1000.0,Person_4
2025-05-12,08:47 PM,Person/Merchant Payment,Debit,1000.0,Person_71
2025-05-13,12:04 PM,Person/Merchant Payment,Debit,699.0,Person_76
2025-05-14,01:20 PM,Money Received,Credit,1000.0,Person_71
2025-05-15,10:00 AM,Person/Merchant Payment,Debit,500.0,Person_58
2025-05-15,10:25 AM,Person/Merchant Payment,Debit,500.0,Person_58
2025-05-15,10:47 AM,Money Received,Credit,50.0,Person_37
2025-05-15,10:55 AM,Person/Merchant Payment,Debit,10.0,Person_8
2025-05-15,01:11 PM,Person/Merchant Payment,Debit,25.0,Person_72
2025-05-15,01:47 PM,Person/Merchant Payment,Debit,1000.0,Person_77
2025-05-15,07:05 PM,Money Received,Credit,1000.0,Person_3
2025-05-15,07:08 PM,Person/Merchant Payment,Debit,10.0,Person_3
2025-05-15,07:10 PM,Money Received,Credit,10.0,Person_3
2025-05-15,07:58 PM,Money Received,Credit,5.0,Person_45
2025-05-15,09:04 PM,Person/Merchant Payment,Debit,2000.0,Person_78
2025-05-15,09:05 PM,UPI Lite Top-up,Debit,1000.0,Person_4
2025-05-16,08:44 AM,Money Received,Credit,35.0,Person_1
2025-05-16,07:02 PM,Money Received,Credit,49500.0,Person_12
2025-05-16,07:18 PM,UPI Lite Top-up,Debit,300.0,Person_4
2025-05-16,07:44 PM,UPI Lite Top-up,Debit,100.0,Person_4
2025-05-16,07:46 PM,Money Received,Credit,10.0,Person_15
2025-05-16,07:46 PM,Person/Merchant Payment,Debit,10.0,Person_15
2025-05-17,01:02 PM,Education/Fees,Debit,1680.0,Person_5
2025-05-17,01:09 PM,Person/Merchant Payment,Debit,30.0,Person_8
2025-05-17,02:39 PM,Money Received,Credit,50500.0,Person_12
2025-05-17,02:53 PM,UPI Lite Top-up,Debit,1000.0,Person_4
2025-05-17,02:54 PM,Person/Merchant Payment,Debit,1680.0,Person_7
2025-05-17,02:58 PM,Person/Merchant Payment,Debit,10000.0,Person_7
2025-05-17,03:28 PM,Person/Merchant Payment,Debit,2600.0,Person_11
2025-05-17,08:06 PM,Money Received,Credit,20.0,Person_17
2025-05-17,08:25 PM,UPI Lite Top-up,Debit,20.0,Person_4
2025-05-19,07:53 AM,Person/Merchant Payment,Debit,200.0,Person_58
2025-05-19,09:52 AM,Person/Merchant Payment,Debit,40.0,Person_8
2025-05-19,01:52 PM,Money Received,Credit,300.0,Person_12
2025-05-19,03:20 PM,Person/Merchant Payment,Debit,3800.0,Person_45
2025-05-19,07:22 PM,Person/Merchant Payment,Debit,2000.0,Person_79
2025-05-20,12:51 PM,Money Received,Credit,200.0,Person_2
2025-05-20,12:57 PM,Person/Merchant Payment,Debit,25.0,Person_2
2025-05-20,06:15 PM,Person/Merchant Payment,Debit,60.0,Person_10
2025-05-20,07:45 PM,Person/Merchant Payment,Debit,760.0,Person_80
2025-05-21,03:16 PM,Person/Merchant Payment,Debit,8240.0,Person_76
2025-05-21,03:17 PM,UPI Lite Top-up,Debit,385.0,Person_4
2025-05-21,05:03 PM,Person/Merchant Payment,Debit,20.0,Person_81
2025-05-21,05:31 PM,Person/Merchant Payment,Debit,200.0,Person_82
2025-05-22,10:48 AM,Person/Merchant Payment,Debit,1230.0,Person_83
2025-05-22,02:47 PM,Money Received,Credit,2500.0,Person_37
2025-05-22,03:06 PM,Person/Merchant Payment,Debit,2100.0,Person_12
2025-05-23,01:54 PM,Person/Merchant Payment,Debit,1000.0,Person_84
2025-05-24,05:20 PM,Money Received,Credit,8000.0,Person_1
2025-05-24,05:21 PM,Person/Merchant Payment,Debit,8000.0,Person_45
2025-05-25,10:44 AM,Money Received,Credit,2100.0,Person_59
2025-05-25,01:02 PM,Person/Merchant Payment,Debit,20.0,Person_85
2025-05-25,01:05 PM,Person/Merchant Payment,Debit,150.0,Person_86
2025-05-25,04:37 PM,Person/Merchant Payment,Debit,1500.0,Person_12
2025-05-25,09:05 PM,Money Received,Credit,1000.0,Person_84
2025-05-27,04:27 PM,Person/Merchant Payment,Debit,100.0,Person_87
2025-05-28,11:35 AM,Money Received,Credit,1000.0,Person_88
2025-05-28,01:03 PM,Money Received,Credit,500.0,Person_12
2025-05-28,07:37 PM,Money Received,Credit,40.0,Person_1
2025-05-28,07:45 PM,Money Received,Credit,50.0,Person_11
2025-05-29,09:51 AM,UPI Lite Top-up,Debit,1000.0,Person_4
2025-05-29,12:07 PM,Money Received,Credit,300.0,Person_37
2025-05-29,12:17 PM,UPI Lite Top-up,Debit,70.0,Person_4
2025-05-29,10:42 PM,Money Received,Credit,65.0,Person_10
2025-05-30,02:40 PM,Person/Merchant Payment,Debit,500.0,Person_2
2025-05-30,02:50 PM,Food & Dining,Debit,105.0,Person_64
2025-05-30,03:21 PM,Person/Merchant Payment,Debit,60.0,Person_89
2025-05-30,05:15 PM,Money Received,Credit,55.0,Person_90
2025-05-31,08:06 AM,Person/Merchant Payment,Debit,250.0,Person_2
2025-05-31,02:47 PM,Person/Merchant Payment,Debit,4000.0,Person_37
2025-06-01,10:24 AM,Person/Merchant Payment,Debit,17000.0,Person_37
2025-06-01,07:26 PM,Person/Merchant Payment,Debit,2000.0,Person_79
2025-06-01,07:27 PM,Person/Merchant Payment,Debit,1500.0,Person_7
2025-06-02,10:19 AM,Person/Merchant Payment,Debit,3500.0,Person_37
2025-06-02,01:34 PM,Person/Merchant Payment,Debit,4300.0,Person_75
2025-06-02,08:51 PM,Money Received,Credit,15.0,Person_10
2025-06-03,12:56 AM,Money Received,Credit,4300.0,Person_71
2025-06-03,11:42 AM,Person/Merchant Payment,Debit,5000.0,Person_91
2025-06-03,06:11 PM,Person/Merchant Payment,Debit,6000.0,Person_37
2025-06-03,09:33 PM,Money Received,Credit,5000.0,Person_37
2025-06-03,09:35 PM,Person/Merchant Payment,Debit,5000.0,Person_79
2025-06-04,10:30 AM,Person/Merchant Payment,Debit,331.0,Person_7
2025-06-04,10:30 AM,Person/Merchant Payment,Debit,1000.0,Person_7
2025-06-04,10:30 AM,Person/Merchant Payment,Debit,1000.0,Person_7
2025-06-04,10:44 AM,Person/Merchant Payment,Debit,2331.0,Person_6
2025-06-04,10:44 AM,UPI Lite Top-up,Debit,2331.0,Person_4
2025-06-04,12:46 PM,Money Received,Credit,5000.0,Person_57
2025-06-04,01:39 PM,Person/Merchant Payment,Debit,3000.0,Person_24
2025-06-04,06:17 PM,Person/Merchant Payment,Debit,10000.0,Person_37
2025-06-04,06:50 PM,Person/Merchant Payment,Debit,2500.0,Person_92
2025-06-05,09:22 AM,Person/Merchant Payment,Debit,1.0,Person_12
2025-06-05,07:43 PM,Money Received,Credit,4000.0,Person_37
2025-06-06,11:29 AM,Money Received,Credit,1500.0,Person_92
2025-06-06,11:31 AM,Person/Merchant Payment,Debit,1500.0,Person_7
2025-06-06,12:58 PM,Money Received,Credit,100.0,Person_11
2025-06-06,08:32 PM,Person/Merchant Payment,Debit,2000.0,Person_91
2025-06-06,08:35 PM,UPI Lite Top-up,Debit,100.0,Person_4
2025-06-06,08:39 PM,Person/Merchant Payment,Debit,2673.0,Person_67
2025-06-07,02:30 PM,Money Received,Credit,1000.0,Person_92
2025-06-07,02:30 PM,Person/Merchant Payment,Debit,1000.0,Person_7
2025-06-07,04:56 PM,Food & Dining,Debit,740.0,Person_93
2025-06-07,10:37 PM,Person/Merchant Payment,Debit,29.0,Person_7
2025-06-08,06:44 PM,Person/Merchant Payment,Debit,1000.0,Person_94
2025-06-09,10:42 AM,Money Received,Credit,5.0,Person_45
2025-06-10,07:37 PM,Money Received,Credit,50.0,Person_37
2025-06-11,01:19 PM,Food & Dining,Debit,103.96,Person_95
2025-06-11,01:36 PM,Person/Merchant Payment,Debit,187.9,Person_26
2025-06-11,04:12 PM,Money Received,Credit,200.0,Person_96
2025-06-12,12:11 PM,Person/Merchant Payment,Debit,40.0,Person_97
2025-06-12,02:53 PM,Person/Merchant Payment,Debit,140.0,Person_98
2025-06-13,07:49 AM,Person/Merchant Payment,Debit,100.0,Person_12
2025-06-13,07:52 AM,Money Received,Credit,100.0,Person_12
2025-06-13,07:53 AM,Money Received,Credit,200.0,Person_12
2025-06-13,07:55 AM,Money Received,Credit,400.0,Person_12
2025-06-13,11:24 PM,Money Received,Credit,15.0,Person_1
2025-06-14,09:23 AM,Money Received,Credit,1000.0,Person_37
2025-06-14,09:39 AM,Person/Merchant Payment,Debit,1000.0,Person_94
2025-06-14,08:21 PM,Person/Merchant Payment,Debit,1500.0,Person_67
2025-06-15,10:56 AM,Money Received,Credit,200.0,Person_12
2025-06-16,02:34 PM,Person/Merchant Payment,Debit,50.0,Person_37
2025-06-17,08:17 AM,Money Received,Credit,2500.0,Person_12
2025-06-17,09:04 AM,Person/Merchant Payment,Debit,2500.0,Person_7
2025-06-17,03:21 PM,Person/Merchant Payment,Debit,30.0,Person_37
2025-06-17,11:21 PM,Money Received,Credit,500.0,Person_37
2025-06-19,12:15 PM,Person/Merchant Payment,Debit,60.0,Person_8
2025-06-19,12:47 PM,Person/Merchant Payment,Debit,10000.0,Person_6
2025-06-19,12:47 PM,Education/Fees,Debit,10000.0,Person_99
2025-06-19,05:23 PM,UPI Lite Top-up,Debit,500.0,Person_4
2025-06-19,06:12 PM,Money Received,Credit,60.0,Person_100
2025-06-20,10:29 AM,Money Received,Credit,2000.0,Person_101
2025-06-20,12:04 PM,Person/Merchant Payment,Debit,1645.0,Person_102
2025-06-20,12:57 PM,Person/Merchant Payment,Debit,140.0,Person_103
2025-06-20,01:10 PM,Person/Merchant Payment,Debit,70.0,Person_103
2025-06-20,01:13 PM,Person/Merchant Payment,Debit,70.0,Person_103
2025-06-20,01:21 PM,UPI Lite Top-up,Debit,70.0,Person_4
2025-06-22,06:13 PM,Money Received,Credit,40.0,Person_10
2025-06-22,06:17 PM,Person/Merchant Payment,Debit,40.0,Person_11
2025-06-22,08:56 PM,Money Received,Credit,30.0,Person_2
2025-06-24,04:08 PM,Money Received,Credit,1000.0,Person_1
2025-06-24,04:09 PM,Money Received,Credit,1000.0,Person_1
2025-06-24,04:22 PM,Money Received,Credit,240.0,Person_1
2025-06-24,04:23 PM,Money Received,Credit,200.0,Person_1
2025-06-24,09:00 PM,Money Received,Credit,29.0,Person_2
2025-06-26,09:49 AM,Person/Merchant Payment,Debit,3000.0,Person_84
2025-06-26,04:52 PM,Others,Debit,104.0,Person_29
2025-06-29,11:43 AM,Person/Merchant Payment,Debit,300.0,Person_104
2025-07-01,06:45 PM,Money Received,Credit,2000.0,Person_71
2025-07-01,09:40 PM,Money Received,Credit,180.0,Person_12
2025-07-02,10:01 AM,Person/Merchant Payment,Debit,120.0,Person_50
2025-07-03,12:38 AM,Person/Merchant Payment,Debit,120.0,Person_105
2025-07-03,10:59 AM,Person/Merchant Payment,Debit,2000.0,Person_7
2025-07-03,11:03 AM,Person/Merchant Payment,Debit,712.0,Person_7
2025-07-03,04:18 PM,Person/Merchant Payment,Debit,40.0,Person_106
2025-07-03,06:49 PM,Money Received,Credit,1000.0,Person_71
2025-07-03,07:29 PM,Person/Merchant Payment,Debit,1000.0,Person_7
2025-07-03,11:45 PM,Person/Merchant Payment,Debit,5000.0,Person_50
2025-07-04,09:37 AM,Money Received,Credit,5000.0,Person_50
2025-07-04,03:38 PM,Person/Merchant Payment,Debit,59.0,Person_34
2025-07-04,03:39 PM,Person/Merchant Payment,Debit,5.0,Person_34
2025-07-04,03:43 PM,Money Received,Credit,30.0,Person_50
2025-07-04,03:54 PM,Money Received,Credit,25.0,Person_107
2025-07-04,03:55 PM,Money Received,Credit,30.0,Person_17
2025-07-05,10:36 AM,Person/Merchant Payment,Debit,4000.0,Person_50
2025-07-05,02:52 PM,Person/Merchant Payment,Debit,200.0,Person_105
2025-07-05,07:20 PM,Person/Merchant Payment,Debit,1000.0,Person_108
2025-07-05,09:44 PM,Person/Merchant Payment,Debit,500.0,Person_40
2025-07-05,09:58 PM,Money Received,Credit,500.0,Person_40
2025-07-07,08:38 PM,Person/Merchant Payment,Debit,500.0,Person_40
2025-07-07,08:57 PM,Person/Merchant Payment,Debit,1000.0,Person_7
2025-07-08,11:48 AM,Money Received,Credit,5000.0,Person_109
2025-07-08,02:29 PM,Person/Merchant Payment,Debit,60.0,Person_110
2025-07-08,02:40 PM,Person/Merchant Payment,Debit,40.0,Person_47
2025-07-08,02:44 PM,Person/Merchant Payment,Debit,20.0,Person_34
2025-07-08,10:33 PM,Person/Merchant Payment,Debit,5000.0,Person_7
2025-07-09,10:11 AM,Money Received,Credit,175.0,Person_50
2025-07-09,10:13 AM,Others,Debit,174.0,Person_29
2025-07-09,10:35 AM,Person/Merchant Payment,Debit,1800.0,Person_111
2025-07-09,03:12 PM,Person/Merchant Payment,Debit,2000.0,Person_112
2025-07-09,03:16 PM,Money Received,Credit,1000.0,Person_12
2025-07-09,03:19 PM,Money Received,Credit,20.0,Person_1
2025-07-09,03:27 PM,Person/Merchant Payment,Debit,1000.0,Person_7
2025-07-09,09:47 PM,Person/Merchant Payment,Debit,2500.0,Person_50
2025-07-12,09:20 AM,Money Received,Credit,200.0,Person_12
2025-07-13,02:17 PM,Person/Merchant Payment,Debit,50.0,Person_15
2025-07-13,02:27 PM,Person/Merchant Payment,Debit,30.0,Person_113
2025-07-13,06:08 PM,Person/Merchant Payment,Debit,1200.0,Person_50
2025-07-13,06:30 PM,Person/Merchant Payment,Debit,300.0,Person_114
2025-07-13,06:37 PM,Person/Merchant Payment,Debit,70.0,Person_115
2025-07-13,06:42 PM,Person/Merchant Payment,Debit,62.0,Person_19
2025-07-13,06:44 PM,Person/Merchant Payment,Debit,25.0,Person_50
2025-07-15,10:14 AM,Person/Merchant Payment,Debit,72.0,Person_50
2025-07-15,10:35 AM,Person/Merchant Payment,Debit,50.0,Person_50
2025-07-15,01:42 PM,Person/Merchant Payment,Debit,1000.0,Person_116
2025-07-15,10:25 PM,Person/Merchant Payment,Debit,1000.0,Person_58
2025-07-16,04:34 AM,Others,Credit,174.0,Person_117
2025-07-16,04:34 AM,Others,Credit,174.0,Person_118
2025-07-16,09:57 PM,Person/Merchant Payment,Debit,1100.0,Person_50
2025-07-16,10:00 PM,Person/Merchant Payment,Debit,2000.0,Person_17
2025-07-16,10:07 PM,Person/Merchant Payment,Debit,574.0,Person_6
2025-07-17,09:18 AM,Money Received,Credit,2000.0,Person_12
2025-07-17,09:34 AM,Person/Merchant Payment,Debit,2000.0,Person_7
2025-07-17,09:29 PM,Person/Merchant Payment,Debit,174.0,Person_119
2025-07-18,08:25 PM,Person/Merchant Payment,Debit,1000.0,Person_10
2025-07-19,10:08 AM,Money Received,Credit,500.0,Person_12
2025-07-19,11:49 AM,Money Received,Credit,20.0,Person_12
2025-07-19,12:19 PM,Person/Merchant Payment,Debit,500.0,Person_120
2025-07-19,02:59 PM,Person/Merchant Payment,Debit,299.0,Person_121
2025-07-19,10:47 PM,Person/Merchant Payment,Debit,500.0,Person_75
2025-07-20,10:05 AM,Money Received,Credit,500.0,Person_75
2025-07-21,08:59 AM,Person/Merchant Payment,Debit,500.0,Person_122
2025-07-21,09:02 AM,Person/Merchant Payment,Debit,500.0,Person_7
2025-07-22,11:50 AM,Person/Merchant Payment,Debit,430.0,Person_123
2025-07-22,12:56 PM,Money Received,Credit,342.0,Person_12
2025-07-22,12:56 PM,Person/Merchant Payment,Debit,344.0,Person_12
2025-07-22,03:42 PM,Person/Merchant Payment,Debit,3000.0,Person_124
2025-07-22,06:02 PM,UPI Lite Top-up,Debit,3000.0,Person_4
2025-07-22,06:02 PM,Person/Merchant Payment,Debit,3000.0,Person_6
2025-07-22,08:12 PM,Money Received,Credit,2500.0,Person_50
2025-07-22,08:16 PM,Person/Merchant Payment,Debit,2500.0,Person_7
2025-07-23,11:16 AM,Person/Merchant Payment,Debit,1000.0,Person_125
2025-07-23,04:05 PM,Person/Merchant Payment,Debit,1000.0,Person_37
2025-07-23,08:19 PM,Money Received,Credit,930.0,Person_75
2025-07-23,08:22 PM,UPI Lite Top-up,Debit,500.0,Person_4
2025-07-23,08:22 PM,Person/Merchant Payment,Debit,430.0,Person_7
2025-07-24,08:12 AM,Person/Merchant Payment,Debit,1000.0,Person_12
2025-07-24,08:13 AM,Money Received,Credit,1000.0,Person_12
2025-07-25,09:33 AM,UPI Lite Top-up,Debit,1000.0,Person_4
2025-07-25,07:14 PM,Person/Merchant Payment,Debit,170.0,Person_37
2025-07-26,10:55 AM,Person/Merchant Payment,Debit,480.0,Person_126
2025-07-27,11:00 AM,Person/Merchant Payment,Debit,750.0,Person_119
2025-07-27,07:44 PM,Money Received,Credit,750.0,Person_2
2025-07-27,07:45 PM,UPI Lite Top-up,Debit,750.0,Person_4
2025-07-30,12:18 PM,Money Received,Credit,2000.0,Person_2
2025-07-30,12:23 PM,Person/Merchant Payment,Debit,2000.0,Person_101
2025-08-01,10:01 PM,Person/Merchant Payment,Debit,1000.0,Person_75
2025-08-01,10:01 PM,Person/Merchant Payment,Debit,1000.0,Person_75
2025-08-03,07:20 PM,Money Received,Credit,2000.0,Person_66
2025-08-03,10:04 PM,UPI Lite Top-up,Debit,2000.0,Person_4
2025-08-03,10:04 PM,Money Received,Credit,19.0,Person_12
2025-08-04,08:40 AM,Money Received,Credit,175.0,Person_2
2025-08-04,08:41 AM,Others,Debit,172.0,Person_29
2025-08-04,10:01 AM,Person/Merchant Payment,Debit,7500.0,Person_3
2025-08-04,10:16 AM,Person/Merchant Payment,Debit,1000.0,Person_75
2025-08-04,10:16 AM,Person/Merchant Payment,Debit,1000.0,Person_75
2025-08-04,11:38 AM,Recharge,Debit,302.0,Person_18
2025-08-04,12:25 PM,Money Received,Credit,302.0,Person_127
2025-08-04,12:58 PM,UPI Lite Top-up,Debit,302.0,Person_4
2025-08-04,03:44 PM,Money Received,Credit,217.0,Person_12
2025-08-04,03:44 PM,Money Received,Credit,31.0,Person_12
2025-08-04,03:45 PM,Others,Debit,263.0,Person_29
2025-08-05,01:53 PM,Money Received,Credit,3000.0,Person_12
2025-08-06,11:11 AM,Person/Merchant Payment,Debit,3000.0,Person_7
2025-08-06,01:50 PM,Money Received,Credit,100.0,Person_128
2025-08-06,01:52 PM,Money Received,Credit,10.0,Person_128
2025-08-06,01:53 PM,Money Received,Credit,90.0,Person_128
2025-08-06,01:55 PM,Money Received,Credit,200.0,Person_128
2025-08-06,07:11 PM,Money Received,Credit,7500.0,Person_45
2025-08-06,07:13 PM,Person/Merchant Payment,Debit,7500.0,Person_7
2025-08-07,01:04 PM,Money Received,Credit,1000.0,Person_129
2025-08-08,09:02 AM,Person/Merchant Payment,Debit,2640.0,Person_12
2025-08-08,09:04 AM,Person/Merchant Payment,Debit,3.0,Person_12
2025-08-09,09:55 AM,UPI Lite Top-up,Debit,1000.0,Person_4
2025-08-09,10:22 AM,Person/Merchant Payment,Debit,1000.0,Person_45
2025-08-09,12:32 PM,Person/Merchant Payment,Debit,1000.0,Person_45
2025-08-09,05:47 PM,Money Received,Credit,2400.0,Person_127
2025-08-09,06:11 PM,Person/Merchant Payment,Debit,600.0,Person_130
2025-08-09,06:13 PM,Person/Merchant Payment,Debit,600.0,Person_130
2025-08-09,06:16 PM,Person/Merchant Payment,Debit,600.0,Person_130
2025-08-09,06:19 PM,Person/Merchant Payment,Debit,600.0,Person_130
2025-08-09,07:44 PM,Person/Merchant Payment,Debit,10.0,Person_131
2025-08-10,04:33 AM,Others,Credit,172.0,Person_117
2025-08-10,04:33 AM,Others,Credit,172.0,Person_118
2025-08-10,07:10 AM,Others,Debit,170.0,Person_29
2025-08-10,01:17 PM,Person/Merchant Payment,Debit,4500.0,Person_50
2025-08-11,07:28 AM,Money Received,Credit,200.0,Person_132
2025-08-11,12:41 PM,Person/Merchant Payment,Debit,40.0,Person_133
2025-08-11,01:35 PM,Person/Merchant Payment,Debit,40.0,Person_134
2025-08-11,02:12 PM,Person/Merchant Payment,Debit,100.0,Person_12
2025-08-11,03:01 PM,UPI Lite Top-up,Debit,40.0,Person_4
2025-08-11,06:33 PM,Money Received,Credit,100.0,Person_12
2025-08-11,08:46 PM,Person/Merchant Payment,Debit,2571.0,Person_50
2025-08-12,10:33 AM,Money Received,Credit,167.0,Person_2
2025-08-12,10:33 AM,Money Received,Credit,263.0,Person_17
2025-08-12,10:35 AM,Money Received,Credit,100.0,Person_2
2025-08-12,10:39 AM,Person/Merchant Payment,Debit,1000.0,Person_7
2025-08-12,12:17 PM,Money Received,Credit,800.0,Person_12
2025-08-12,06:19 PM,Person/Merchant Payment,Debit,100.0,Person_45
2025-08-13,07:22 AM,Person/Merchant Payment,Debit,10.0,Person_17
2025-08-13,07:39 PM,Person/Merchant Payment,Debit,533.0,Person_17
2025-08-13,07:52 PM,Person/Merchant Payment,Debit,350.0,Person_135
2025-08-13,07:57 PM,Person/Merchant Payment,Debit,40.0,Person_136
2025-08-13,08:08 PM,Money Received,Credit,510.0,Person_37
2025-08-13,09:10 PM,Person/Merchant Payment,Debit,510.0,Person_45
2025-08-14,11:59 AM,Person/Merchant Payment,Debit,1000.0,Person_15
2025-08-14,12:14 PM,Money Received,Credit,26000.0,Person_12
2025-08-14,12:50 PM,Person/Merchant Payment,Debit,3000.0,Person_7
2025-08-14,12:51 PM,UPI Lite Top-up,Debit,500.0,Person_4
2025-08-14,08:16 PM,Person/Merchant Payment,Debit,30.0,Person_137
2025-08-14,09:26 PM,Person/Merchant Payment,Debit,1000.0,Person_119
2025-08-15,11:12 AM,Person/Merchant Payment,Debit,10.0,Person_50
2025-08-15,08:44 PM,Person/Merchant Payment,Debit,19.0,Person_138
2025-08-15,10:22 PM,Person/Merchant Payment,Debit,230.0,Person_139
2025-08-15,10:24 PM,Person/Merchant Payment,Debit,100.0,Person_140
2025-08-16,08:53 AM,Person/Merchant Payment,Debit,20.0,Person_50
2025-08-16,09:28 AM,Money Received,Credit,350.0,Person_50
2025-08-16,10:06 AM,Person/Merchant Payment,Debit,5000.0,Person_50
2025-08-16,03:26 PM,Money Received,Credit,14000.0,Person_128
2025-08-16,03:30 PM,Education/Fees,Debit,34000.0,Person_5
2025-08-16,04:32 PM,Money Received,Credit,14.0,Person_50
2025-08-16,09:19 PM,Money Received,Credit,500.0,Person_2
2025-08-17,03:38 PM,Money Received,Credit,100.0,Person_141
2025-08-17,03:41 PM,Money Received,Credit,220.0,Person_2
2025-08-17,05:13 PM,Person/Merchant Payment,Debit,30.0,Person_142
2025-08-17,08:06 PM,Person/Merchant Payment,Debit,500.0,Person_119
2025-08-17,08:57 PM,Money Received,Credit,2000.0,Person_128
2025-08-17,09:14 PM,Person/Merchant Payment,Debit,1000.0,Person_7
2025-08-17,11:33 PM,Money Received,Credit,2000.0,Person_15
2025-08-17,11:34 PM,Money Received,Credit,4.0,Person_15
2025-08-17,11:34 PM,Person/Merchant Payment,Debit,2003.54,Person_143
2025-08-18,01:53 PM,Person/Merchant Payment,Debit,18000.0,Person_144
2025-08-19,02:19 PM,Money Received,Credit,500.0,Person_45
2025-08-19,07:05 PM,Person/Merchant Payment,Debit,34.0,Person_145
2025-08-19,10:26 PM,Money Received,Credit,20.0,Person_50
2025-08-19,10:27 PM,Person/Merchant Payment,Debit,15.0,Person_15
2025-08-20,08:56 PM,Person/Merchant Payment,Debit,2000.0,Person_146
2025-08-20,08:57 PM,Person/Merchant Payment,Debit,34.0,Person_146
2025-08-21,11:18 AM,Person/Merchant Payment,Debit,500.0,Person_76
2025-08-21,09:32 PM,Person/Merchant Payment,Debit,10.0,Person_147
2025-08-22,10:52 AM,Money Received,Credit,50000.0,Person_148
2025-08-22,11:06 AM,Money Received,Credit,30000.0,Person_148
2025-08-22,11:54 AM,Education/Fees,Debit,50000.0,Person_5
2025-08-22,11:55 AM,Education/Fees,Debit,30000.0,Person_5
2025-08-22,05:10 PM,Money Received,Credit,100.0,Person_128
2025-08-23,04:39 PM,Money Received,Credit,20000.0,Person_148
2025-08-23,06:56 PM,Person/Merchant Payment,Debit,19000.0,Person_76
2025-08-23,08:15 PM,Money Received,Credit,2000.0,Person_66
2025-08-24,10:10 AM,UPI Lite Top-up,Debit,2000.0,Person_4
2025-08-24,11:47 AM,Person/Merchant Payment,Debit,300.0,Person_45
2025-08-25,11:22 AM,Education/Fees,Debit,15000.0,Person_5
2025-08-25,08:45 PM,Person/Merchant Payment,Debit,45.0,Person_149
2025-08-25,08:48 PM,Money Received,Credit,45.0,Person_1
2025-08-25,08:55 PM,Money Received,Credit,7000.0,Person_1
2025-08-25,09:06 PM,Person/Merchant Payment,Debit,1000.0,Person_76
2025-08-26,12:59 PM,Person/Merchant Payment,Debit,500.0,Person_75
2025-08-26,07:19 PM,Person/Merchant Payment,Debit,10.0,Person_147
2025-08-26,11:39 PM,Money Received,Credit,500.0,Person_75
2025-08-27,12:35 PM,Person/Merchant Payment,Debit,500.0,Person_37
2025-08-27,08:10 PM,Money Received,Credit,1500.0,Person_150
2025-08-29,06:26 PM,Person/Merchant Payment,Debit,60.0,Person_45
2025-08-30,12:33 PM,Person/Merchant Payment,Debit,70.0,Person_151
2025-08-30,05:40 PM,Person/Merchant Payment,Debit,72.0,Person_152
2025-08-30,08:04 PM,Person/Merchant Payment,Debit,20.0,Person_136
2025-08-31,05:38 PM,Person/Merchant Payment,Debit,704.0,Person_153
2025-08-31,07:49 PM,Money Received,Credit,140.0,Person_2
2025-08-31,10:19 PM,Person/Merchant Payment,Debit,28.0,Person_76
2025-08-31,10:19 PM,Person/Merchant Payment,Debit,25.0,Person_15
2025-08-31,10:23 PM,Money Received,Credit,20.0,Person_11
2025-09-01,05:32 PM,Money Received,Credit,450.0,Person_45
2025-09-02,09:16 AM,Money Received,Credit,367.0,Person_2
2025-09-02,01:50 PM,Money Received,Credit,1000.0,Person_128
2025-09-02,01:55 PM,Money Received,Credit,650.0,Person_2
2025-09-02,07:18 PM,Person/Merchant Payment,Debit,20.0,Person_138
2025-09-03,11:37 AM,Person/Merchant Payment,Debit,8.0,Person_8
2025-09-03,07:11 PM,Person/Merchant Payment,Debit,57.0,Person_154
2025-09-04,04:59 PM,UPI Lite Top-up,Debit,103.0,Person_4
2025-09-04,05:14 PM,Person/Merchant Payment,Debit,50.0,Person_45
2025-09-05,03:12 PM,Money Received,Credit,70.0,Person_50
2025-09-05,05:00 PM,Person/Merchant Payment,Debit,3.0,Person_154
2025-09-05,05:03 PM,Person/Merchant Payment,Debit,20.0,Person_154
2025-09-05,06:57 PM,Person/Merchant Payment,Debit,200.0,Person_37
2025-09-06,01:14 PM,Money Received,Credit,100.0,Person_128
2025-09-06,04:12 PM,Money Received,Credit,3000.0,Person_45
2025-09-06,04:13 PM,Person/Merchant Payment,Debit,2500.0,Person_3
2025-09-06,06:50 PM,Person/Merchant Payment,Debit,1000.0,Person_84
2025-09-07,12:12 AM,Money Received,Credit,81.0,Person_2
2025-09-07,12:08 PM,Money Received,Credit,150.0,Person_155
2025-09-07,12:39 PM,Person/Merchant Payment,Debit,150.0,Person_7
2025-09-07,03:20 PM,Person/Merchant Payment,Debit,1000.0,Person_156
2025-09-07,06:40 PM,Person/Merchant Payment,Debit,40.0,Person_15
2025-09-07,06:40 PM,Person/Merchant Payment,Debit,2.0,Person_15
2025-09-08,04:21 PM,Person/Merchant Payment,Debit,54.0,Person_138
2025-09-08,04:42 PM,Money Received,Credit,50.0,Person_157
2025-09-08,06:47 PM,Money Received,Credit,10.0,Person_2
2025-09-10,06:58 PM,Money Received,Credit,1000.0,Person_84
2025-09-10,07:41 PM,UPI Lite Top-up,Debit,1000.0,Person_4
2025-09-11,12:32 AM,Person/Merchant Payment,Debit,300.0,Person_6
2025-09-11,10:15 AM,Money Received,Credit,700.0,Person_1
2025-09-11,11:09 AM,Person/Merchant Payment,Debit,3.0,Person_8
2025-09-11,11:14 AM,Person/Merchant Payment,Debit,20.0,Person_8
2025-09-12,10:55 AM,Money Received,Credit,2000.0,Person_2
2025-09-12,05:52 PM,Money Received,Credit,300.0,Person_45
2025-09-12,10:28 PM,Person/Merchant Payment,Debit,500.0,Person_156
2025-09-13,02:53 PM,Person/Merchant Payment,Debit,50.0,Person_45
2025-09-13,03:52 PM,Money Received,Credit,245.0,Person_2
2025-09-13,05:22 PM,Person/Merchant Payment,Debit,150.0,Person_45
2025-09-13,11:02 PM,Person/Merchant Payment,Debit,200.0,Person_45
2025-09-14,06:49 PM,Person/Merchant Payment,Debit,700.0,Person_12
2025-09-15,10:15 AM,Person/Merchant Payment,Debit,1000.0,Person_75
2025-09-15,11:16 AM,Person/Merchant Payment,Debit,200.0,Person_6
2025-09-15,06:21 PM,Person/Merchant Payment,Debit,20.0,Person_158
2025-09-17,12:07 PM,Money Received,Credit,114.0,Person_50
2025-09-17,09:57 PM,Money Received,Credit,2500.0,Person_159
2025-09-18,09:03 PM,Money Received,Credit,1000.0,Person_15
2025-09-19,12:37 PM,Money Received,Credit,14000.0,Person_160
2025-09-19,07:48 PM,Money Received,Credit,500.0,Person_45
2025-09-19,08:39 PM,UPI Lite Top-up,Debit,500.0,Person_4
2025-09-20,09:56 AM,Person/Merchant Payment,Debit,1000.0,Person_161
2025-09-21,10:24 AM,Money Received,Credit,4000.0,Person_2
2025-09-21,11:40 AM,Person/Merchant Payment,Debit,4000.0,Person_119
2025-09-21,09:28 PM,Person/Merchant Payment,Debit,1000.0,Person_162
2025-09-21,09:47 PM,Money Received,Credit,1000.0,Person_128
2025-09-21,09:48 PM,UPI Lite Top-up,Debit,1000.0,Person_4
2025-09-22,09:32 AM,Money Received,Credit,2000.0,Person_128
2025-09-22,02:45 PM,Person/Merchant Payment,Debit,16000.0,Person_163
2025-09-22,04:33 PM,Money Received,Credit,350.0,Person_45
2025-09-22,10:51 PM,Money Received,Credit,2000.0,Person_10
2025-09-23,10:30 AM,Person/Merchant Payment,Debit,3000.0,Person_162
2025-09-23,10:30 AM,Person/Merchant Payment,Debit,1000.0,Person_12
2025-09-23,10:31 AM,Money Received,Credit,1000.0,Person_12
2025-09-23,10:32 AM,Money Received,Credit,4000.0,Person_128
2025-09-23,01:34 PM,Money Received,Credit,870.0,Person_12
2025-09-23,04:50 PM,Money Received,Credit,1000.0,Person_66
2025-09-25,08:02 AM,Money Received,Credit,15000.0,Person_150
2025-09-25,08:49 AM,Money Received,Credit,14000.0,Person_10
2025-09-25,08:50 AM,Education/Fees,Debit,14000.0,Person_5
2025-09-25,09:44 AM,Person/Merchant Payment,Debit,1000.0,Person_6
2025-09-25,09:44 AM,Person/Merchant Payment,Debit,2000.0,Person_156
2025-09-25,10:42 PM,Money Received,Credit,1500.0,Person_10
2025-09-26,07:10 PM,Money Received,Credit,1000.0,Person_2
2025-09-26,10:09 PM,Money Received,Credit,500.0,Person_37
2025-09-27,02:00 PM,Person/Merchant Payment,Debit,44.0,Person_164
2025-09-27,02:12 PM,Person/Merchant Payment,Debit,180.0,Person_156
2025-09-27,04:37 PM,Person/Merchant Payment,Debit,40.0,Person_165
2025-09-27,07:20 PM,Person/Merchant Payment,Debit,40.0,Person_166
2025-09-28,11:21 AM,Person/Merchant Payment,Debit,1000.0,Person_161
2025-09-28,02:01 PM,Person/Merchant Payment,Debit,500.0,Person_161
2025-09-28,05:09 PM,Person/Merchant Payment,Debit,500.0,Person_15
2025-09-28,06:37 PM,Person/Merchant Payment,Debit,300.0,Person_156
2025-09-28,07:47 PM,Person/Merchant Payment,Debit,500.0,Person_161
2025-09-28,08:59 PM,Money Received,Credit,300.0,Person_156
2025-09-29,12:45 PM,Money Received,Credit,100.0,Person_3
2025-09-29,12:47 PM,Person/Merchant Payment,Debit,48.0,Person_8
2025-09-29,12:50 PM,Person/Merchant Payment,Debit,45.0,Person_167
2025-09-29,05:57 PM,Person/Merchant Payment,Debit,700.0,Person_76
2025-09-29,09:22 PM,Person/Merchant Payment,Debit,10.0,Person_168
2025-09-30,05:22 PM,Person/Merchant Payment,Debit,25.0,Person_169
2025-10-01,10:32 PM,Person/Merchant Payment,Debit,207.0,Blinkit
2025-10-02,01:38 AM,Person/Merchant Payment,Debit,300.0,Person_156
2025-10-03,10:31 PM,Money Received,Credit,5000.0,Person_50
2025-10-03,10:48 PM,Person/Merchant Payment,Debit,5000.0,Person_156
2025-10-04,11:30 AM,Others,Debit,183.0,Person_29
2025-10-04,11:53 AM,Money Received,Credit,2000.0,Person_128
2025-10-04,12:19 PM,Person/Merchant Payment,Debit,2000.0,Person_156
2025-10-06,09:18 AM,Money Received,Credit,15.0,Person_50
2025-10-07,06:00 PM,Person/Merchant Payment,Debit,1.0,Person_170
2025-10-08,10:59 AM,Person/Merchant Payment,Debit,135.0,Person_171
2025-10-08,01:27 PM,Money Received,Credit,350.0,Person_170
2025-10-08,02:11 PM,Person/Merchant Payment,Debit,50.0,Person_50
2025-10-09,04:07 PM,Others,Debit,109.0,Person_29
2025-10-09,04:18 PM,Others,Debit,87.0,Person_29
2025-10-11,06:34 PM,Money Received,Credit,270.0,Person_50
2025-10-11,06:36 PM,Person/Merchant Payment,Debit,150.0,Person_172
2025-10-11,06:39 PM,Person/Merchant Payment,Debit,100.0,Person_76
2025-10-11,06:40 PM,Person/Merchant Payment,Debit,50.0,Person_50
2025-10-11,06:42 PM,Person/Merchant Payment,Debit,85.0,Person_15
2025-10-12,01:25 PM,Others,Credit,183.0,Person_117
2025-10-12,01:25 PM,Others,Credit,183.0,Person_118
2025-10-12,01:32 PM,Others,Debit,183.0,Person_29
2025-10-13,11:30 AM,Person/Merchant Payment,Debit,19.0,Person_138
2025-10-15,10:39 AM,Person/Merchant Payment,Debit,165.0,Person_171
2025-10-15,10:01 PM,Money Received,Credit,2200.0,Person_173
2025-10-16,10:39 AM,Money Received,Credit,2500.0,Person_10
2025-10-16,10:45 AM,Money Received,Credit,700.0,Person_1
2025-10-16,10:47 AM,Person/Merchant Payment,Debit,2500.0,Person_156
2025-10-16,11:26 AM,Person/Merchant Payment,Debit,27.0,Person_8
2025-10-16,07:43 PM,Others,Credit,87.0,Person_117
2025-10-16,07:43 PM,Others,Credit,87.0,Person_118
2025-10-16,08:30 PM,Food & Dining,Debit,65.0,Person_174
2025-10-17,01:19 PM,Money Received,Credit,65.0,Person_2
2025-10-17,02:05 PM,Person/Merchant Payment,Debit,222.0,Person_175
2025-10-17,05:18 PM,Person/Merchant Payment,Debit,2500.0,Person_156
2025-10-19,09:18 AM,Money Received,Credit,2500.0,Person_156
2025-10-19,04:38 PM,Person/Merchant Payment,Debit,525.0,Person_119
2025-10-19,06:41 PM,Person/Merchant Payment,Debit,2000.0,Person_156
2025-10-20,10:05 AM,Money Received,Credit,1300.0,Person_1
2025-10-20,10:05 AM,Person/Merchant Payment,Debit,1300.0,Person_156
2025-10-20,05:57 PM,Person/Merchant Payment,Debit,99.0,Person_176
2025-10-21,06:11 PM,Person/Merchant Payment,Debit,40.0,Person_12
2025-10-22,01:23 PM,Money Received,Credit,40.0,Person_12
2025-10-22,02:59 PM,Others,Debit,106.0,Person_29
2025-10-22,03:25 PM,Money Received,Credit,11000.0,Person_101
2025-10-22,03:25 PM,Person/Merchant Payment,Debit,11000.0,Person_119
2025-10-22,03:30 PM,Money Received,Credit,11000.0,Person_2
2025-10-23,12:01 PM,Person/Merchant Payment,Debit,11000.0,Person_101
2025-10-24,10:24 AM,Person/Merchant Payment,Debit,25.0,Person_177
2025-10-24,11:05 AM,Person/Merchant Payment,Debit,60.0,Person_178
2025-10-24,12:51 PM,Person/Merchant Payment,Debit,59.0,Person_179
2025-10-24,04:27 PM,Money Received,Credit,600.0,Person_101
2025-10-24,05:00 PM,Money Received,Credit,900.0,Person_2
2025-10-24,09:16 PM,Person/Merchant Payment,Debit,300.0,Person_156
2025-10-25,06:46 PM,Person/Merchant Payment,Debit,10.0,Person_180
2025-10-26,12:38 AM,Money Received,Credit,61.74,Person_181
2025-10-26,12:39 AM,UPI Lite Top-up,Debit,61.0,Person_4
2025-10-26,10:10 PM,Money Received,Credit,271.62,Person_181
2025-10-26,10:11 PM,UPI Lite Top-up,Debit,271.0,Person_4
2025-10-27,12:48 AM,Money Received,Credit,1000.0,Person_2
2025-10-27,12:50 AM,Money Received,Credit,500.0,Person_2
2025-10-27,08:59 AM,Person/Merchant Payment,Debit,9.0,Person_138
2025-10-27,03:37 PM,Money Received,Credit,400.0,Person_50
2025-10-27,06:05 PM,Money Received,Credit,1000.0,Person_2
2025-10-27,07:56 PM,Person/Merchant Payment,Debit,500.0,Person_156
2025-10-27,08:36 PM,Person/Merchant Payment,Debit,1000.0,Person_182
2025-10-27,11:26 PM,Person/Merchant Payment,Debit,3500.0,Person_156
2025-10-27,11:26 PM,Person/Merchant Payment,Debit,1500.0,Person_156
2025-10-28,12:06 AM,Money Received,Credit,345.87,Person_181
2025-10-28,12:21 AM,UPI Lite Top-up,Debit,345.0,Person_4
2025-10-28,01:44 AM,Person/Merchant Payment,Debit,20.0,Person_183
2025-10-28,12:07 PM,Money Received,Credit,1000.0,Person_101
2025-10-28,12:29 PM,Money Received,Credit,1000.0,Person_184
2025-10-28,03:44 PM,Person/Merchant Payment,Debit,800.0,Person_185
2025-10-29,08:48 AM,Person/Merchant Payment,Debit,200.0,Person_186
2025-10-29,01:55 PM,Person/Merchant Payment,Debit,166.0,Person_17
2025-10-29,06:54 PM,Person/Merchant Payment,Debit,100.0,Person_156
2025-10-30,09:42 AM,Money Received,Credit,411.21,Person_187
2025-10-30,11:54 AM,UPI Lite Top-up,Debit,411.0,Person_4
2025-10-30,12:33 PM,Person/Merchant Payment,Debit,400.0,Person_188
2025-10-30,12:42 PM,Person/Merchant Payment,Debit,160.0,Person_189
2025-10-30,02:40 PM,Person/Merchant Payment,Debit,1500.0,Person_156
2025-10-30,03:46 PM,Money Received,Credit,350.0,Person_17
2025-10-30,03:48 PM,Person/Merchant Payment,Debit,200.0,Person_190
2025-10-30,04:07 PM,UPI Lite Top-up,Debit,150.0,Person_4
2025-10-31,08:02 PM,Person/Merchant Payment,Debit,70.0,Person_180
2025-11-01,12:07 AM,Money Received,Credit,1500.0,Person_182
2025-11-01,12:13 AM,Person/Merchant Payment,Debit,1500.0,Person_50
2025-11-01,12:16 AM,Person/Merchant Payment,Debit,500.0,Person_50
2025-11-01,07:24 PM,Food & Dining,Debit,450.0,Person_174
2025-11-01,07:24 PM,Person/Merchant Payment,Debit,300.0,Person_6
2025-11-01,08:58 PM,Person/Merchant Payment,Debit,14.0,Person_138
2025-11-01,10:38 PM,Money Received,Credit,500.0,Person_191
2025-11-02,12:43 PM,Person/Merchant Payment,Debit,100.0,Person_17
2025-11-02,12:44 PM,Money Received,Credit,100.0,Person_17
2025-11-02,01:38 PM,Others,Credit,183.0,Person_117
2025-11-02,01:38 PM,Others,Credit,183.0,Person_118
2025-11-03,08:48 PM,Food & Dining,Debit,15.0,Person_174
2025-11-04,07:41 AM,Money Received,Credit,500.0,Person_186
2025-11-04,08:40 AM,Person/Merchant Payment,Debit,500.0,Person_186
2025-11-04,09:10 AM,Money Received,Credit,500.0,Person_186
2025-11-04,09:30 AM,Person/Merchant Payment,Debit,500.0,Person_50
2025-11-04,09:55 AM,Person/Merchant Payment,Debit,12.0,Person_8
2025-11-04,10:19 AM,Person/Merchant Payment,Debit,2.0,Person_8
2025-11-05,12:55 AM,Money Received,Credit,501.3,Person_181
2025-11-05,12:27 PM,Money Received,Credit,1000.0,Person_182
2025-11-05,01:36 PM,Money Received,Credit,200.0,Person_2
2025-11-05,01:38 PM,Person/Merchant Payment,Debit,1183.06,Person_192
2025-11-05,02:20 PM,Money Received,Credit,985.0,Person_2
2025-11-05,02:20 PM,Person/Merchant Payment,Debit,1000.0,Person_182
2025-11-05,03:05 PM,Person/Merchant Payment,Debit,25.0,Person_17
2025-11-07,01:50 PM,Money Received,Credit,2000.0,Person_37
2025-11-07,01:54 PM,Person/Merchant Payment,Debit,2000.0,Person_193
2025-11-08,07:40 PM,Person/Merchant Payment,Debit,500.0,Person_12
2025-11-09,02:38 PM,Money Received,Credit,2000.0,Person_45
2025-11-09,03:21 PM,Person/Merchant Payment,Debit,2000.0,Person_193
2025-11-09,04:04 PM,Money Received,Credit,500.0,Person_45
2025-11-09,04:27 PM,Person/Merchant Payment,Debit,500.0,Person_172
2025-11-09,08:06 PM,Money Received,Credit,150.0,Person_155
2025-11-09,08:55 PM,Person/Merchant Payment,Debit,150.0,Person_172
2025-11-10,01:30 PM,Person/Merchant Payment,Debit,50.0,Person_194
2025-11-10,01:42 PM,Money Received,Credit,1017.55,Person_187
2025-11-10,08:03 PM,Money Received,Credit,200.0,Person_12
2025-11-11,12:54 PM,Person/Merchant Payment,Debit,606.0,Person_195
2025-11-11,01:50 PM,Money Received,Credit,1500.0,Person_45
2025-11-11,11:13 PM,Money Received,Credit,129.06,Person_187
2025-11-12,01:53 PM,Money Received,Credit,101.0,Person_12
2025-11-13,08:11 PM,Person/Merchant Payment,Debit,3500.0,Person_76
2025-11-14,04:07 PM,Money Received,Credit,10000.0,Person_45
2025-11-14,04:34 PM,Person/Merchant Payment,Debit,9000.0,Person_45
2025-11-14,04:34 PM,Person/Merchant Payment,Debit,1000.0,Person_45
2025-11-15,10:48 AM,Person/Merchant Payment,Debit,20.0,Person_196
2025-11-15,11:12 AM,Person/Merchant Payment,Debit,100.0,Person_197
2025-11-15,04:35 PM,Person/Merchant Payment,Debit,60.0,Person_196
2025-11-16,10:15 AM,Person/Merchant Payment,Debit,1000.0,Person_198
2025-11-17,11:40 AM,Person/Merchant Payment,Debit,100.0,Person_199
2025-11-17,06:57 PM,Person/Merchant Payment,Debit,1000.0,Person_45
2025-11-17,07:00 PM,Money Received,Credit,1000.0,Person_45
2025-11-17,10:58 PM,Person/Merchant Payment,Debit,1000.0,Person_45
2025-11-18,09:13 AM,Money Received,Credit,1000.0,Person_45
2025-11-18,06:49 PM,Person/Merchant Payment,Debit,1000.0,Person_45
2025-11-18,10:03 PM,Money Received,Credit,1.0,Person_200
2025-11-18,10:07 PM,Money Received,Credit,1.0,Person_200
2025-11-18,10:10 PM,Money Received,Credit,1000.0,Person_200
2025-11-19,11:08 AM,Person/Merchant Payment,Debit,40.0,Person_201
2025-11-19,11:32 PM,Money Received,Credit,534.96,Person_181
2025-11-20,05:31 PM,Food & Dining,Debit,180.0,Person_174
2025-11-20,05:36 PM,Money Received,Credit,200.0,Person_12
2025-11-21,01:53 PM,Person/Merchant Payment,Debit,60.0,Person_110
2025-11-22,09:38 AM,Person/Merchant Payment,Debit,9.0,Person_180
2025-11-25,04:04 PM,Person/Merchant Payment,Debit,100.0,Person_45
2025-11-25,05:09 PM,Money Received,Credit,100.0,Person_45
2025-11-25,05:54 PM,Money Received,Credit,46.0,Person_1
2025-11-26,08:54 PM,Person/Merchant Payment,Debit,200.0,Person_15
2025-11-26,10:02 PM,Money Received,Credit,160.0,Person_2
2025-11-28,05:26 PM,Person/Merchant Payment,Debit,19.0,Person_138
2025-11-28,06:30 PM,Person/Merchant Payment,Debit,36.0,Person_161
2025-11-28,06:31 PM,Person/Merchant Payment,Debit,40.0,Person_17
2025-11-28,06:35 PM,Person/Merchant Payment,Debit,76.0,Person_17
2025-11-28,06:36 PM,Person/Merchant Payment,Debit,26.0,Person_119
2025-11-28,06:42 PM,Money Received,Credit,206.4,Person_187
2025-11-28,06:52 PM,Person/Merchant Payment,Debit,3.0,Person_17
2025-11-28,06:54 PM,Money Received,Credit,20.0,Person_17
2025-11-29,12:36 PM,Person/Merchant Payment,Debit,9.0,Person_8
2025-11-29,05:46 PM,Money Received,Credit,3000.0,Person_50
2025-11-29,07:36 PM,Person/Merchant Payment,Debit,1000.0,Person_78
2025-11-29,09:07 PM,Person/Merchant Payment,Debit,1000.0,Person_78
2025-11-30,08:02 PM,Person/Merchant Payment,Debit,1000.0,Person_50
2025-12-01,05:50 PM,Person/Merchant Payment,Debit,25.0,Person_119
2025-12-02,11:09 PM,Person/Merchant Payment,Debit,2000.0,Person_50
2025-12-04,10:48 AM,Person/Merchant Payment,Debit,10.0,Person_202
2025-12-05,02:26 PM,Education/Fees,Debit,50000.0,Person_5
2025-12-05,02:36 PM,Education/Fees,Debit,1680.0,Person_5
2025-12-05,02:58 PM,Person/Merchant Payment,Debit,1300.0,Person_76
2025-12-05,02:59 PM,Person/Merchant Payment,Debit,500.0,Person_76
2025-12-08,06:17 PM,Money Received,Credit,500.0,Person_37
2025-12-08,06:20 PM,Person/Merchant Payment,Debit,500.0,Person_203
2025-12-08,06:25 PM,Person/Merchant Payment,Debit,20.0,Person_138
2025-12-08,06:26 PM,Person/Merchant Payment,Debit,5.0,Person_138
2025-12-08,07:19 PM,Money Received,Credit,150.0,Person_155
2025-12-08,07:59 PM,Money Received,Credit,50000.0,Person_17
2025-12-08,08:02 PM,Money Received,Credit,600.0,Person_17
2025-12-08,08:03 PM,Person/Merchant Payment,Debit,600.0,Person_204
2025-12-08,08:03 PM,Person/Merchant Payment,Debit,50000.0,Person_204
2025-12-08,08:53 PM,Person/Merchant Payment,Debit,150.0,Person_172
2025-12-09,05:17 PM,Recharge,Debit,322.0,Person_18
2025-12-09,07:22 PM,Person/Merchant Payment,Debit,322.0,Person_172
2025-12-09,07:22 PM,Person/Merchant Payment,Debit,2000.0,Person_45
2025-12-09,08:33 PM,Money Received,Credit,650.0,Person_17
2025-12-09,08:33 PM,Person/Merchant Payment,Debit,650.0,Person_204
2025-12-11,08:40 PM,Person/Merchant Payment,Debit,500.0,Person_78
2025-12-11,09:44 PM,Money Received,Credit,500.0,Person_67
2025-12-11,09:47 PM,Person/Merchant Payment,Debit,500.0,Person_205
2025-12-11,09:47 PM,Person/Merchant Payment,Debit,500.0,Person_205
2025-12-13,10:55 AM,Money Received,Credit,500.0,Person_206
2025-12-13,10:59 AM,Person/Merchant Payment,Debit,500.0,Person_119
2025-12-14,05:52 PM,Person/Merchant Payment,Debit,40.0,Person_207
2025-12-14,06:13 PM,Person/Merchant Payment,Debit,459.0,Person_17
2025-12-15,09:47 AM,Money Received,Credit,5000.0,Person_37
2025-12-15,09:48 AM,Person/Merchant Payment,Debit,5000.0,Person_208
2025-12-15,09:49 AM,Person/Merchant Payment,Debit,200.0,Person_208
2025-12-15,06:34 PM,Person/Merchant Payment,Debit,5000.0,Person_45
2025-12-15,06:49 PM,Money Received,Credit,1500.0,Person_209
2025-12-16,03:51 PM,Money Received,Credit,45000.0,Person_210
2025-12-16,03:54 PM,Person/Merchant Payment,Debit,5000.0,Person_211
2025-12-16,05:05 PM,Person/Merchant Payment,Debit,1000.0,Person_212
2025-12-16,08:04 PM,Person/Merchant Payment,Debit,2000.0,Person_156
2025-12-17,03:13 PM,Person/Merchant Payment,Debit,1000.0,Person_128
2025-12-17,07:09 PM,Person/Merchant Payment,Debit,29.0,Person_138
2025-12-18,08:46 PM,Money Received,Credit,22.0,Person_17
2025-12-20,01:07 PM,Person/Merchant Payment,Debit,10.0,Person_147
2025-12-20,02:59 PM,Money Received,Credit,250.0,Person_37
2025-12-21,01:39 PM,Person/Merchant Payment,Debit,1000.0,Person_213
2025-12-21,03:23 PM,Person/Merchant Payment,Debit,50.0,Person_214
2025-12-21,04:54 PM,Person/Merchant Payment,Debit,2500.0,Person_215
2025-12-21,06:02 PM,Person/Merchant Payment,Debit,1550.0,Person_216
2025-12-21,06:07 PM,Money Received,Credit,100.0,Person_206
2025-12-21,06:07 PM,Money Received,Credit,900.0,Person_206
2025-12-21,06:11 PM,Person/Merchant Payment,Debit,1000.0,Person_119
2025-12-21,06:18 PM,Person/Merchant Payment,Debit,1000.0,Person_212
2025-12-21,06:22 PM,Person/Merchant Payment,Debit,200.0,Person_217
2025-12-21,07:26 PM,Money Received,Credit,1500.0,Person_218
2025-12-22,12:34 PM,Person/Merchant Payment,Debit,4320.0,Person_219
2025-12-22,04:18 PM,Person/Merchant Payment,Debit,2000.0,Person_212
2025-12-22,06:03 PM,Money Received,Credit,85.0,Person_17
2025-12-22,06:39 PM,Person/Merchant Payment,Debit,1000.0,Person_156
2025-12-22,07:15 PM,Person/Merchant Payment,Debit,80.0,Person_220
2025-12-22,08:33 PM,Person/Merchant Payment,Debit,40.0,Person_221
2025-12-23,06:16 AM,Person/Merchant Payment,Debit,40.0,Person_222
2025-12-23,06:19 AM,Person/Merchant Payment,Debit,50.0,Person_196
2025-12-23,02:33 PM,Person/Merchant Payment,Debit,27.0,Person_223
2025-12-23,03:41 PM,Money Received,Credit,25.0,Person_15
2025-12-25,11:59 AM,Person/Merchant Payment,Debit,2100.0,Person_12
2025-12-25,01:16 PM,Money Received,Credit,1300.0,Person_224
2025-12-26,09:07 AM,Money Received,Credit,90.0,Person_50
2025-12-28,06:48 PM,Person/Merchant Payment,Debit,2500.0,Person_84
2025-12-29,10:46 AM,Person/Merchant Payment,Debit,80.0,Person_225
2025-12-29,11:07 AM,Person/Merchant Payment,Debit,35.0,Person_226
2025-12-29,11:10 AM,Person/Merchant Payment,Debit,40.0,Person_225
2025-12-29,05:15 PM,Money Received,Credit,2500.0,Person_84
2025-12-29,06:17 PM,Person/Merchant Payment,Debit,500.0,Person_156
2025-12-29,06:21 PM,Person/Merchant Payment,Debit,2000.0,Person_6
2025-12-31,11:34 AM,Person/Merchant Payment,Debit,8.0,Person_8
2025-12-31,11:53 PM,Person/Merchant Payment,Debit,2854.0,Person_227
2026-01-02,02:20 PM,Person/Merchant Payment,Debit,500.0,Person_228
2026-01-03,01:56 AM,Money Received,Credit,500.0,Person_173
2026-01-03,04:42 PM,Transport,Debit,319.0,Person_229
2026-01-04,12:07 PM,Person/Merchant Payment,Debit,260.0,Person_230
2026-01-04,12:08 PM,Money Received,Credit,260.0,Person_12
2026-01-05,10:12 PM,Money Received,Credit,10000.0,Person_37
2026-01-05,10:53 PM,Person/Merchant Payment,Debit,100.0,Person_231
2026-01-06,06:50 PM,Person/Merchant Payment,Debit,20.0,Person_136
2026-01-07,06:08 PM,Person/Merchant Payment,Debit,1260.0,Person_8
2026-01-08,08:05 PM,Person/Merchant Payment,Debit,18.0,Person_138
2026-01-08,08:39 PM,Person/Merchant Payment,Debit,4000.0,Person_172
2026-01-08,08:40 PM,Person/Merchant Payment,Debit,3000.0,Person_172
2026-01-08,09:43 PM,Person/Merchant Payment,Debit,10.0,Person_226
2026-01-08,11:59 PM,Person/Merchant Payment,Debit,5000.0,Person_6
2026-01-09,12:04 AM,Person/Merchant Payment,Debit,5000.0,Person_172
2026-01-09,12:59 PM,Money Received,Credit,30.0,Person_232
2026-01-09,01:58 PM,Person/Merchant Payment,Debit,30.0,Person_50
2026-01-09,02:00 PM,Person/Merchant Payment,Debit,10000.0,Person_45
2026-01-09,02:07 PM,Person/Merchant Payment,Debit,50.0,Person_233
2026-01-09,05:31 PM,Person/Merchant Payment,Debit,26.0,Person_138
2026-01-09,05:31 PM,Person/Merchant Payment,Debit,5.0,Person_138
2026-01-09,08:01 PM,Person/Merchant Payment,Debit,50.0,Person_50
2026-01-09,10:50 PM,Person/Merchant Payment,Debit,200.0,Person_156
2026-01-10,12:53 PM,Person/Merchant Payment,Debit,2200.0,Person_156
2026-01-10,07:42 PM,Person/Merchant Payment,Debit,500.0,Person_50
2026-01-10,07:42 PM,Person/Merchant Payment,Debit,500.0,Person_172
2026-01-11,01:38 PM,Money Received,Credit,100.0,Person_17
2026-01-12,01:20 PM,Person/Merchant Payment,Debit,506.0,Person_234
2026-01-12,01:51 PM,Person/Merchant Payment,Debit,20.0,Person_50
2026-01-12,02:49 PM,Person/Merchant Payment,Debit,80.0,Person_2
2026-01-12,06:13 PM,Money Received,Credit,3000.0,Person_12
2026-01-12,06:17 PM,Person/Merchant Payment,Debit,2000.0,Person_50
2026-01-12,08:14 PM,Money Received,Credit,500.0,Person_150
2026-01-12,09:05 PM,Person/Merchant Payment,Debit,500.0,Person_50
2026-01-12,09:05 PM,Person/Merchant Payment,Debit,506.0,Person_193
2026-01-12,09:06 PM,Person/Merchant Payment,Debit,500.0,Person_50
2026-01-13,05:47 AM,Money Received,Credit,5000.0,Person_37
2026-01-13,05:59 AM,Food & Dining,Debit,2000.0,Person_235
2026-01-13,08:38 AM,Person/Merchant Payment,Debit,2000.0,Person_236
2026-01-13,08:41 AM,Person/Merchant Payment,Debit,1000.0,Person_236
2026-01-13,06:46 PM,Person/Merchant Payment,Debit,2000.0,Person_156
2026-01-15,04:30 PM,Person/Merchant Payment,Debit,10800.0,Person_37
2026-01-15,04:31 PM,Person/Merchant Payment,Debit,500.0,Person_45
2026-01-16,07:33 PM,Person/Merchant Payment,Debit,39.0,Person_237
2026-01-17,01:02 PM,Person/Merchant Payment,Debit,20.0,Person_138
2026-01-17,06:51 PM,Money Received,Credit,500.0,Person_12
2026-01-17,11:04 PM,Person/Merchant Payment,Debit,100.0,Person_156
2026-01-18,01:15 PM,Money Received,Credit,60.0,Person_11
2026-01-18,06:11 PM,Person/Merchant Payment,Debit,300.0,Person_156
2026-01-19,06:00 PM,Food & Dining,Debit,85.0,Person_174
2026-01-19,06:30 PM,Person/Merchant Payment,Debit,220.0,Person_169
2026-01-19,09:56 PM,Person/Merchant Payment,Debit,20.0,Person_50
2026-01-19,10:53 PM,Person/Merchant Payment,Debit,400.0,Person_238
2026-01-19,11:21 PM,Money Received,Credit,400.0,Person_239
2026-01-20,02:38 PM,Person/Merchant Payment,Debit,2000.0,Person_156
2026-01-20,04:06 PM,Money Received,Credit,100.0,Person_50
2026-01-20,04:06 PM,Person/Merchant Payment,Debit,99.0,Zepto Marketplace Private Limited
2026-01-20,08:42 PM,Recharge,Debit,353.0,Person_18
2026-01-21,07:18 PM,Person/Merchant Payment,Debit,1500.0,Person_240
2026-01-22,01:38 PM,Person/Merchant Payment,Debit,100.0,Person_156
2026-01-22,02:14 PM,Money Received,Credit,1500.0,Person_37
2026-01-22,02:18 PM,Person/Merchant Payment,Debit,1500.0,Person_241
2026-01-23,10:56 AM,Person/Merchant Payment,Debit,3998.0,Person_45
2026-01-23,12:43 PM,Money Received,Credit,20.0,Person_242
2026-01-25,03:37 PM,Person/Merchant Payment,Debit,1000.0,Person_45
2026-01-26,03:01 PM,Person/Merchant Payment,Debit,400.0,Person_193
2026-01-26,03:50 PM,Person/Merchant Payment,Debit,600.0,Person_172
2026-01-26,03:51 PM,Person/Merchant Payment,Debit,900.0,Person_156
2026-01-27,03:23 PM,Person/Merchant Payment,Debit,4000.0,Person_45
2026-01-27,03:26 PM,Money Received,Credit,100.0,Person_12
2026-01-27,03:27 PM,Money Received,Credit,20.0,Person_12
2026-01-28,12:29 PM,Money Received,Credit,5000.0,Person_37
2026-01-28,08:02 PM,Person/Merchant Payment,Debit,2000.0,Person_17
2026-01-28,10:17 PM,Person/Merchant Payment,Debit,3000.0,Person_45
2026-01-29,10:57 AM,Money Received,Credit,80.0,Person_37
2026-01-29,05:42 PM,Person/Merchant Payment,Debit,1500.0,Person_156
2026-01-29,06:15 PM,Money Received,Credit,30000.0,Person_243
2026-01-29,08:00 PM,Person/Merchant Payment,Debit,50.0,Person_220
2026-01-29,08:04 PM,Person/Merchant Payment,Debit,200.0,Person_156
2026-01-29,08:12 PM,Person/Merchant Payment,Debit,150.0,Person_156
2026-01-29,08:52 PM,Person/Merchant Payment,Debit,40.0,Person_244
2026-01-30,09:52 AM,Person/Merchant Payment,Debit,5000.0,Person_132
2026-01-30,11:20 AM,Person/Merchant Payment,Debit,40.0,Person_245
2026-01-30,11:23 AM,Person/Merchant Payment,Debit,50.0,Person_220
2026-01-30,01:42 PM,Person/Merchant Payment,Debit,6000.0,Person_240
2026-01-30,03:19 PM,Person/Merchant Payment,Debit,150.0,Person_6
2026-01-31,10:15 AM,Money Received,Credit,5000.0,Person_246
2026-01-31,02:18 PM,Person/Merchant Payment,Debit,500.0,Person_128
2026-01-31,03:04 PM,Money Received,Credit,500.0,Person_128
2026-01-31,04:50 PM,Person/Merchant Payment,Debit,2000.0,Person_2
2026-01-31,06:53 PM,Money Received,Credit,200.0,Person_2
2026-01-31,07:01 PM,Money Received,Credit,854.0,Person_17
2026-01-31,07:24 PM,Person/Merchant Payment,Debit,5000.0,Person_172
2026-01-31,07:27 PM,Person/Merchant Payment,Debit,578.0,Person_247
2026-01-31,07:27 PM,Person/Merchant Payment,Debit,13000.0,Person_172
2026-01-31,07:29 PM,Person/Merchant Payment,Debit,3500.0,Person_172
2026-01-31,07:57 PM,Person/Merchant Payment,Debit,5000.0,Person_45
2026-01-31,10:53 PM,Money Received,Credit,96.4,Person_181
2026-02-01,11:11 AM,Person/Merchant Payment,Debit,31.0,Person_248
2026-02-01,11:34 AM,Money Received,Credit,25.0,Person_17
2026-02-01,11:52 AM,Person/Merchant Payment,Debit,13.0,Person_17
2026-02-01,02:00 PM,Money Received,Credit,50000.0,Person_246
2026-02-01,02:08 PM,Person/Merchant Payment,Debit,1000.0,Person_172
2026-02-01,05:32 PM,Person/Merchant Payment,Debit,220.0,Person_249
2026-02-01,05:37 PM,Person/Merchant Payment,Debit,442.0,Person_250
2026-02-01,05:56 PM,Money Received,Credit,155.0,Person_50
2026-02-01,05:59 PM,Person/Merchant Payment,Debit,155.0,Blinkit
2026-02-01,06:01 PM,Person/Merchant Payment,Debit,350.0,Person_251
2026-02-01,06:24 PM,Money Received,Credit,250.0,Person_12
2026-02-01,08:36 PM,Person/Merchant Payment,Debit,604.0,Person_252
2026-02-02,09:48 AM,Person/Merchant Payment,Debit,150.0,Person_50
2026-02-02,02:31 PM,Person/Merchant Payment,Debit,18000.0,Person_50
2026-02-02,03:28 PM,Money Received,Credit,50000.0,Person_246
2026-02-02,05:29 PM,Recharge,Debit,899.0,Jio Prepaid Recharges
2026-02-02,06:21 PM,Person/Merchant Payment,Debit,31.0,Person_253
2026-02-03,04:50 PM,Money Received,Credit,41.0,Person_17
2026-02-03,04:56 PM,Person/Merchant Payment,Debit,31.0,Person_248
2026-02-03,04:59 PM,Person/Merchant Payment,Debit,10.0,Person_138
2026-02-03,09:37 PM,Person/Merchant Payment,Debit,500.0,Person_254
2026-02-03,09:59 PM,Person/Merchant Payment,Debit,2400.0,Person_6
2026-02-03,10:00 PM,Person/Merchant Payment,Debit,50000.0,Person_255
2026-02-04,02:59 PM,Person/Merchant Payment,Debit,13000.0,Person_17
2026-02-04,03:01 PM,Money Received,Credit,7000.0,Person_239
2026-02-04,03:01 PM,Person/Merchant Payment,Debit,7000.0,Person_17
2026-02-04,03:35 PM,Money Received,Credit,1000.0,Person_37
2026-02-04,03:37 PM,Person/Merchant Payment,Debit,1000.0,Person_256
2026-02-04,05:10 PM,Person/Merchant Payment,Debit,2000.0,Person_17
2026-02-04,07:56 PM,Person/Merchant Payment,Debit,100.0,Person_50
2026-02-05,11:00 AM,Person/Merchant Payment,Debit,500.0,Person_156
2026-02-05,03:54 PM,Person/Merchant Payment,Debit,500.0,Person_2
2026-02-05,04:29 PM,Money Received,Credit,31.0,Person_17
2026-02-05,04:32 PM,Person/Merchant Payment,Debit,31.0,Person_248
2026-02-05,04:36 PM,Person/Merchant Payment,Debit,40.0,Person_257
2026-02-06,08:16 PM,Money Received,Credit,3000.0,Person_37
2026-02-06,09:18 PM,Money Received,Credit,150.0,Person_155
2026-02-07,03:33 PM,Person/Merchant Payment,Debit,118.0,Person_258
2026-02-07,09:41 PM,Money Received,Credit,5000.0,Person_17
2026-02-08,09:53 AM,Person/Merchant Payment,Debit,1000.0,Person_156
2026-02-08,03:34 PM,Person/Merchant Payment,Debit,5000.0,Person_172
2026-02-08,03:34 PM,Money Received,Credit,150.0,Person_2
2026-02-08,03:35 PM,Person/Merchant Payment,Debit,1182.0,Person_172
2026-02-08,04:16 PM,Money Received,Credit,350.0,Person_17
2026-02-08,04:17 PM,Person/Merchant Payment,Debit,350.0,Person_172
2026-02-08,05:21 PM,Money Received,Credit,5000.0,Person_31
2026-02-08,06:25 PM,Person/Merchant Payment,Debit,5000.0,Person_128
2026-02-09,11:15 AM,Person/Merchant Payment,Debit,1500.0,Person_45
2026-02-09,03:16 PM,Person/Merchant Payment,Debit,50000.0,Person_246
2026-02-09,11:07 PM,Money Received,Credit,1000.0,Person_259
2026-02-09,11:12 PM,Person/Merchant Payment,Debit,1000.0,Person_172
2026-02-10,10:19 AM,Recharge,Debit,899.0,Jio Prepaid Recharges
2026-02-10,03:58 PM,Money Received,Credit,3000.0,Person_246
2026-02-10,04:02 PM,Person/Merchant Payment,Debit,5000.0,Person_246
2026-02-10,04:02 PM,Person/Merchant Payment,Debit,3000.0,Person_246
2026-02-11,07:38 AM,Person/Merchant Payment,Debit,1000.0,Person_17
2026-02-11,10:45 AM,Person/Merchant Payment,Debit,130.0,Person_260
2026-02-11,01:05 PM,Person/Merchant Payment,Debit,1000.0,Person_45
2026-02-11,05:37 PM,Person/Merchant Payment,Debit,10.0,Person_138
2026-02-11,07:28 PM,Money Received,Credit,6900.0,Person_50
2026-02-11,09:59 PM,Money Received,Credit,1000.0,Person_17
2026-02-11,10:24 PM,Person/Merchant Payment,Debit,1000.0,Person_172
2026-02-12,11:04 AM,Person/Merchant Payment,Debit,60.0,Person_196
2026-02-12,12:20 PM,Person/Merchant Payment,Debit,48.0,Person_261
2026-02-12,01:31 PM,Person/Merchant Payment,Debit,40.0,Person_262
2026-02-12,01:32 PM,Person/Merchant Payment,Debit,60.0,Person_196
2026-02-12,05:23 PM,Money Received,Credit,3000.0,Person_12
2026-02-12,06:34 PM,Person/Merchant Payment,Debit,980.0,Person_172
2026-02-12,06:34 PM,Person/Merchant Payment,Debit,2500.0,Person_50
2026-02-12,11:16 PM,Money Received,Credit,60.0,Person_1
2026-02-13,08:16 AM,Person/Merchant Payment,Debit,20.0,Person_172
2026-02-13,09:17 PM,Person/Merchant Payment,Debit,1000.0,Person_156
2026-02-14,06:21 PM,Money Received,Credit,2000.0,Person_246
2026-02-15,05:48 PM,Person/Merchant Payment,Debit,31.0,Person_248
2026-02-15,07:40 PM,Money Received,Credit,15000.0,Person_17
2026-02-15,07:49 PM,Person/Merchant Payment,Debit,7000.0,Person_238
2026-02-15,08:13 PM,Person/Merchant Payment,Debit,300.0,Person_156
2026-02-15,11:28 PM,Person/Merchant Payment,Debit,10000.0,Person_172
2026-02-16,02:03 PM,Person/Merchant Payment,Debit,2000.0,Person_246
2026-02-16,08:33 PM,Money Received,Credit,351.0,Person_263
2026-02-17,11:59 AM,Person/Merchant Payment,Debit,43.0,Person_138
2026-02-18,03:17 PM,Money Received,Credit,5000.0,Person_264
2026-02-18,04:51 PM,Money Received,Credit,100.0,Person_128
2026-02-18,06:24 PM,Person/Merchant Payment,Debit,45.0,Person_257
2026-02-18,06:32 PM,Money Received,Credit,100.0,Person_37
2026-02-18,06:35 PM,Person/Merchant Payment,Debit,70.0,Person_207
2026-02-18,06:45 PM,Person/Merchant Payment,Debit,50.0,Person_253
2026-02-18,06:48 PM,Person/Merchant Payment,Debit,10.0,Person_158
2026-02-18,06:54 PM,Person/Merchant Payment,Debit,5000.0,Person_172
2026-02-19,12:13 PM,Person/Merchant Payment,Debit,5000.0,Person_156
2026-02-19,12:57 PM,Person/Merchant Payment,Debit,500.0,Person_45
2026-02-21,12:22 PM,Person/Merchant Payment,Debit,5000.0,Person_264
2026-02-21,05:11 PM,Money Received,Credit,1000.0,Person_12
2026-02-21,09:52 PM,Person/Merchant Payment,Debit,5.0,Person_138
2026-02-22,08:02 PM,Person/Merchant Payment,Debit,8.0,Person_180
2026-02-23,06:53 AM,Food & Dining,Debit,20.0,Person_265
2026-02-23,07:21 AM,Food & Dining,Debit,20.0,Person_265
2026-02-23,01:30 PM,Person/Merchant Payment,Debit,80.0,Person_266
2026-02-24,11:53 AM,Person/Merchant Payment,Debit,500.0,Person_198
2026-02-24,02:52 PM,Money Received,Credit,1000.0,Person_37
2026-02-25,10:55 AM,Others,Debit,200.0,Person_267
2026-02-25,10:56 AM,Person/Merchant Payment,Debit,500.0,Person_172
2026-02-25,11:53 AM,Money Received,Credit,500.0,Person_268
2026-02-25,11:57 AM,Person/Merchant Payment,Debit,500.0,Person_2
2026-02-25,01:06 PM,Person/Merchant Payment,Debit,300.0,Person_269
2026-02-25,01:46 PM,Person/Merchant Payment,Debit,30.0,Person_270
2026-02-25,02:49 PM,Person/Merchant Payment,Debit,829.06,Person_102
2026-02-25,03:00 PM,Money Received,Credit,200.0,Person_17
2026-02-25,03:09 PM,Person/Merchant Payment,Debit,50.0,Person_271
2026-02-25,08:50 PM,Person/Merchant Payment,Debit,4000.0,Person_156
2026-02-25,08:52 PM,Person/Merchant Payment,Debit,500.0,Person_156
2026-02-26,12:42 PM,Person/Merchant Payment,Debit,500.0,Person_45
2026-02-26,04:23 PM,Person/Merchant Payment,Debit,31.0,Person_17
2026-02-26,07:41 PM,Person/Merchant Payment,Debit,200.0,Person_6
2026-02-27,06:34 AM,Person/Merchant Payment,Debit,300.0,Person_272
2026-02-27,11:01 AM,Person/Merchant Payment,Debit,200.0,Person_45
2026-02-27,05:00 PM,Person/Merchant Payment,Debit,10.0,Person_138
2026-02-28,04:34 PM,Person/Merchant Payment,Debit,500.0,Person_273
2026-02-28,05:34 PM,Person/Merchant Payment,Debit,700.0,Person_193
2026-02-28,05:34 PM,Person/Merchant Payment,Debit,100.0,Person_50
2026-02-28,05:34 PM,Person/Merchant Payment,Debit,9000.0,Person_45
2026-02-28,05:35 PM,Person/Merchant Payment,Debit,200.0,Person_193
2026-02-28,05:40 PM,Person/Merchant Payment,Debit,1000.0,Person_45
2026-02-28,05:48 PM,Money Received,Credit,1000.0,Person_37
2026-02-28,07:20 PM,Money Received,Credit,2000.0,Person_17
2026-02-28,07:20 PM,Person/Merchant Payment,Debit,2000.0,Person_128
2026-02-28,07:21 PM,Person/Merchant Payment,Debit,500.0,Person_193
2026-03-01,12:52 PM,Money Received,Credit,1000.0,Person_37
2026-03-01,12:59 PM,Person/Merchant Payment,Debit,1000.0,Person_274
2026-03-01,09:58 PM,Person/Merchant Payment,Debit,1000.0,Person_6
2026-03-01,09:59 PM,Person/Merchant Payment,Debit,3000.0,Person_67
2026-03-01,09:59 PM,Person/Merchant Payment,Debit,2000.0,Person_67
2026-03-02,12:49 PM,Person/Merchant Payment,Debit,100.0,Person_45
2026-03-02,06:18 PM,Person/Merchant Payment,Debit,20.0,Person_50
2026-03-03,11:02 AM,Money Received,Credit,100.0,Person_37
2026-03-03,06:39 PM,Person/Merchant Payment,Debit,31.0,Person_248
2026-03-04,07:28 AM,Money Received,Credit,300.0,Person_155
2026-03-04,07:30 AM,Others,Debit,300.0,Person_267
2026-03-04,09:13 PM,Person/Merchant Payment,Debit,240.0,Person_240
2026-03-07,11:14 AM,Shopping,Debit,240.0,Flipkart Payments
2026-03-07,04:29 PM,Person/Merchant Payment,Debit,50.0,Person_169
2026-03-07,07:21 PM,Money Received,Credit,1000.0,Person_275
2026-03-08,09:08 AM,Money Received,Credit,490.4,Person_187
2026-03-08,09:59 AM,Person/Merchant Payment,Debit,147.0,Person_276
2026-03-08,10:05 AM,Person/Merchant Payment,Debit,1000.0,Person_277
2026-03-08,10:30 AM,Person/Merchant Payment,Debit,300.0,Person_156
2026-03-08,01:27 PM,Person/Merchant Payment,Debit,200.0,Person_156
2026-03-08,01:27 PM,Money Received,Credit,100.0,Person_37
2026-03-08,02:11 PM,Person/Merchant Payment,Debit,157.0,Person_278
2026-03-08,02:14 PM,Person/Merchant Payment,Debit,10.0,Person_278
2026-03-08,02:33 PM,Person/Merchant Payment,Debit,80.0,Person_225
2026-03-09,09:01 PM,Person/Merchant Payment,Debit,500.0,Person_279
2026-03-10,12:37 PM,Person/Merchant Payment,Debit,4500.0,Person_12
2026-03-13,06:47 PM,Money Received,Credit,1500.0,Person_280
2026-03-13,08:09 PM,Money Received,Credit,5.0,Person_281
2026-03-14,02:12 PM,UPI Lite Top-up,Debit,2000.0,Person_4
2026-03-14,05:19 PM,Person/Merchant Payment,Debit,10.0,Person_147
2026-03-14,05:32 PM,Person/Merchant Payment,Debit,10.0,Person_138
2026-03-14,08:32 PM,Person/Merchant Payment,Debit,60.0,Person_201
2026-03-14,09:09 PM,Money Received,Credit,60.0,Person_1
2026-03-14,10:58 PM,Person/Merchant Payment,Debit,4.0,Person_138
2026-03-15,01:44 PM,Money Received,Credit,2000.0,Person_17
2026-03-15,04:00 PM,Person/Merchant Payment,Debit,20.0,Person_17
2026-03-15,09:45 PM,Money Received,Credit,200.0,Person_101
2026-03-16,02:30 PM,Person/Merchant Payment,Debit,300.0,Person_282
2026-03-16,02:40 PM,Person/Merchant Payment,Debit,600.0,Person_283
2026-03-16,02:51 PM,Person/Merchant Payment,Debit,400.0,Person_284
2026-03-16,03:00 PM,Person/Merchant Payment,Debit,200.0,Person_285
2026-03-16,03:04 PM,Person/Merchant Payment,Debit,200.0,Person_286
2026-03-16,03:08 PM,Food & Dining,Debit,20.0,Person_287
2026-03-16,06:25 PM,Person/Merchant Payment,Debit,30.0,Person_17
2026-03-16,06:30 PM,Money Received,Credit,30.0,Person_17
2026-03-16,06:35 PM,Person/Merchant Payment,Debit,51.0,Person_248
2026-03-16,06:42 PM,Person/Merchant Payment,Debit,10.0,Person_147
2026-03-16,07:16 PM,Person/Merchant Payment,Debit,200.0,Person_2
2026-03-23,12:28 AM,Person/Merchant Payment,Debit,370.0,Person_67
2026-03-23,06:49 PM,Person/Merchant Payment,Debit,20.0,Person_226
2026-03-23,06:51 PM,Person/Merchant Payment,Debit,25.0,Person_288
2026-03-23,06:52 PM,Person/Merchant Payment,Debit,10.0,Person_289
2026-03-23,08:36 PM,Person/Merchant Payment,Debit,3000.0,Person_2
2026-03-24,06:15 PM,Money Received,Credit,256.4,Person_187
2026-03-24,06:21 PM,Person/Merchant Payment,Debit,31.0,Person_248
2026-03-24,08:34 PM,Person/Merchant Payment,Debit,155.0,Person_230
2026-03-25,08:35 AM,Person/Merchant Payment,Debit,10.0,Person_138
2026-03-25,07:47 PM,Money Received,Credit,5000.0,Person_17
2026-03-25,08:07 PM,Person/Merchant Payment,Debit,5000.0,Person_172
2026-03-26,10:06 AM,Person/Merchant Payment,Debit,10.0,Person_147
2026-03-26,07:13 PM,Person/Merchant Payment,Debit,112.0,Zepto Marketplace Private Limited
2026-03-26,09:55 PM,Money Received,Credit,112.0,Person_50
2026-03-28,11:50 AM,Person/Merchant Payment,Debit,204.7,Person_26
2026-03-28,12:16 PM,Person/Merchant Payment,Debit,136.46,Person_26
2026-03-28,12:56 PM,Person/Merchant Payment,Debit,24.0,Person_290
2026-03-28,01:22 PM,Person/Merchant Payment,Debit,30.0,Person_291
2026-03-28,05:37 PM,Person/Merchant Payment,Debit,26.0,Person_138
2026-03-28,08:57 PM,Person/Merchant Payment,Debit,30.0,Person_50
2026-03-29,05:13 PM,Person/Merchant Payment,Debit,75.0,Person_292
2026-03-29,06:29 PM,Money Received,Credit,1000.0,Person_17
2026-03-29,07:27 PM,Person/Merchant Payment,Debit,1000.0,Person_50
2026-03-30,12:10 PM,Person/Merchant Payment,Debit,10.0,Person_147
2026-03-30,04:24 PM,Person/Merchant Payment,Debit,20.0,Person_138
2026-03-30,05:05 PM,Person/Merchant Payment,Debit,2000.0,Person_156
2026-03-30,05:11 PM,Person/Merchant Payment,Debit,3000.0,Person_156
2026-03-31,08:24 AM,Person/Merchant Payment,Debit,10.0,Person_138
2026-03-31,11:30 AM,Money Received,Credit,1000.0,Person_37
2026-03-31,03:28 PM,Person/Merchant Payment,Debit,300.0,Person_293
2026-03-31,06:36 PM,Person/Merchant Payment,Debit,100.0,Person_45
2026-04-01,04:00 PM,Money Received,Credit,1000.0,Person_31
2026-04-01,04:00 PM,Money Received,Credit,1000.0,Person_31
2026-04-01,06:38 PM,Person/Merchant Payment,Debit,2000.0,Person_128
2026-04-01,08:32 PM,Person/Merchant Payment,Debit,595.0,Person_294
2026-04-01,08:52 PM,Person/Merchant Payment,Debit,29.0,Person_226
2026-04-02,09:33 AM,Money Received,Credit,10000.0,Person_37
2026-04-02,09:34 AM,Person/Merchant Payment,Debit,10000.0,Person_128
2026-04-02,09:33 PM,Person/Merchant Payment,Debit,135.0,Person_50
2026-04-03,03:35 PM,Person/Merchant Payment,Debit,20.0,Person_288
2026-04-03,06:20 PM,Person/Merchant Payment,Debit,25.0,Person_257
2026-04-03,08:54 PM,Money Received,Credit,3000.0,Person_37
2026-04-03,08:56 PM,Person/Merchant Payment,Debit,3000.0,Person_295
2026-04-03,09:48 PM,Money Received,Credit,6000.0,Person_296
2026-04-04,10:27 AM,Person/Merchant Payment,Debit,101.0,ZEPTO MARKETPLACE PRIVATE LIMITED
2026-04-04,10:28 AM,Person/Merchant Payment,Debit,6000.0,Person_172
2026-04-04,10:29 AM,Person/Merchant Payment,Debit,500.0,Person_297
2026-04-04,12:27 PM,Money Received,Credit,160.0,Person_37
2026-04-04,12:28 PM,Person/Merchant Payment,Debit,153.0,ZEPTO
2026-04-04,12:58 PM,Person/Merchant Payment,Debit,5160.0,Person_45
2026-04-04,01:26 PM,Money Received,Credit,1000.0,Person_206
2026-04-04,01:28 PM,Person/Merchant Payment,Debit,1000.0,Person_2
2026-04-04,06:28 PM,Person/Merchant Payment,Debit,31.0,Person_248
2026-04-04,07:38 PM,Money Received,Credit,5000.0,Person_37
2026-04-04,07:40 PM,Person/Merchant Payment,Debit,5000.0,Person_298
2026-04-05,01:29 AM,Money Received,Credit,500.0,Person_299
2026-04-05,09:53 AM,Person/Merchant Payment,Debit,5000.0,Person_45
2026-04-05,12:03 PM,Money Received,Credit,2000.0,Person_17
2026-04-05,06:19 PM,Person/Merchant Payment,Debit,31.0,Person_248
2026-04-06,07:35 AM,Money Received,Credit,300.0,Person_155
2026-04-06,08:45 AM,Person/Merchant Payment,Debit,3000.0,Person_45
2026-04-06,10:36 AM,Person/Merchant Payment,Debit,6000.0,Person_227
2026-04-06,02:19 PM,Person/Merchant Payment,Debit,20.0,Person_138
2026-04-06,09:28 PM,Money Received,Credit,168.0,Person_37
2026-04-06,09:29 PM,Person/Merchant Payment,Debit,168.0,ZEPTONOW
2026-04-06,09:30 PM,UPI Lite Top-up,Debit,300.0,Person_4
2026-04-07,09:24 AM,Person/Merchant Payment,Debit,12000.0,Person_213
2026-04-07,05:20 PM,Money Received,Credit,40.0,Person_2
2026-04-07,05:30 PM,Person/Merchant Payment,Debit,40.0,Person_17
2026-04-08,05:42 PM,Person/Merchant Payment,Debit,300.0,Person_282
2026-04-08,05:45 PM,Person/Merchant Payment,Debit,200.0,Person_283
2026-04-08,05:47 PM,Person/Merchant Payment,Debit,50.0,Person_300
2026-04-08,09:12 PM,Money Received,Credit,2000.0,Person_17
2026-04-08,11:42 PM,Money Received,Credit,1000.0,Person_50
2026-04-09,01:22 PM,Person/Merchant Payment,Debit,1000.0,Person_301
2026-04-09,04:53 PM,Person/Merchant Payment,Debit,60.0,Person_220
2026-04-09,06:13 PM,Person/Merchant Payment,Debit,60.0,Person_220
2026-04-09,07:09 PM,Person/Merchant Payment,Debit,60.0,Person_302
2026-04-09,07:49 PM,Money Received,Credit,1500.0,Person_17
2026-04-09,07:51 PM,Money Received,Credit,6000.0,Person_11
2026-04-09,07:51 PM,Money Received,Credit,300.0,Person_37
2026-04-09,07:57 PM,Person/Merchant Payment,Debit,2000.0,Person_172
2026-04-09,08:39 PM,Money Received,Credit,2000.0,Person_2
2026-04-09,08:48 PM,Person/Merchant Payment,Debit,2000.0,Person_172
2026-04-10,04:07 PM,Person/Merchant Payment,Debit,50.0,Person_303
2026-04-10,10:43 PM,Money Received,Credit,2000.0,Person_37
2026-04-10,10:45 PM,Person/Merchant Payment,Debit,2000.0,Person_304
2026-04-11,04:47 AM,Person/Merchant Payment,Debit,400.0,Person_305
2026-04-11,12:09 PM,Person/Merchant Payment,Debit,365.0,Person_306
2026-04-11,01:21 PM,Person/Merchant Payment,Debit,4000.0,Person_45
2026-04-11,01:21 PM,Person/Merchant Payment,Debit,2000.0,Person_45
2026-04-11,07:45 PM,Person/Merchant Payment,Debit,120.0,Person_307
2026-04-11,08:04 PM,Person/Merchant Payment,Debit,140.0,Person_308
2026-04-11,08:07 PM,Person/Merchant Payment,Debit,20.0,Person_309
2026-04-11,11:32 PM,Person/Merchant Payment,Debit,8500.0,Person_45
2026-04-12,04:04 AM,Person/Merchant Payment,Debit,30.0,Person_310
2026-04-12,07:23 AM,Person/Merchant Payment,Debit,800.0,Person_311
2026-04-12,10:11 AM,Person/Merchant Payment,Debit,150.0,Person_312
2026-04-12,10:52 AM,Person/Merchant Payment,Debit,600.0,Person_313
2026-04-12,11:55 AM,Person/Merchant Payment,Debit,100.0,Person_314
2026-04-12,11:56 AM,Person/Merchant Payment,Debit,50.0,Person_314
2026-04-12,11:59 AM,Person/Merchant Payment,Debit,40.0,Person_315
2026-04-12,03:36 PM,Person/Merchant Payment,Debit,6000.0,Person_45
2026-04-12,03:49 PM,Person/Merchant Payment,Debit,70.0,Person_316
2026-04-12,03:50 PM,Person/Merchant Payment,Debit,70.0,Person_316
2026-04-12,04:52 PM,Person/Merchant Payment,Debit,10.0,Person_317
2026-04-12,07:01 PM,Person/Merchant Payment,Debit,80.0,Person_318
2026-04-12,07:34 PM,Money Received,Credit,6000.0,Person_37
2026-04-12,09:27 PM,Person/Merchant Payment,Debit,290.0,Person_319
2026-04-12,09:41 PM,Person/Merchant Payment,Debit,50.0,Person_320
2026-04-13,06:16 AM,Person/Merchant Payment,Debit,180.0,Person_220
2026-04-13,11:03 AM,Person/Merchant Payment,Debit,8000.0,Person_45
2026-04-13,11:04 AM,Person/Merchant Payment,Debit,290.0,Person_6
2026-04-13,03:48 PM,Person/Merchant Payment,Debit,350.0,Person_294
2026-04-13,04:17 PM,Person/Merchant Payment,Debit,100.0,Person_225
2026-04-14,05:15 PM,Person/Merchant Payment,Debit,5000.0,Person_45
2026-04-14,05:54 PM,Person/Merchant Payment,Debit,1000.0,Person_156
2026-04-15,08:21 AM,Person/Merchant Payment,Debit,10.0,Person_138
2026-04-15,10:21 AM,Person/Merchant Payment,Debit,54.0,Person_8
2026-04-15,01:13 PM,Person/Merchant Payment,Debit,5.0,Person_225
2026-04-15,01:15 PM,Person/Merchant Payment,Debit,40.0,Person_321
2026-04-15,01:46 PM,Person/Merchant Payment,Debit,30.0,Person_322
2026-04-15,06:27 PM,Money Received,Credit,30.0,Person_50
2026-04-15,06:32 PM,Person/Merchant Payment,Debit,31.0,Person_248
2026-04-15,10:03 PM,Person/Merchant Payment,Debit,1000.0,Person_45
2026-04-16,10:17 AM,Money Received,Credit,6000.0,Person_37
2026-04-16,05:36 PM,Recharge,Debit,26.0,Person_18
2026-04-16,07:32 PM,Person/Merchant Payment,Debit,6000.0,Person_45
2026-04-17,08:44 AM,Person/Merchant Payment,Debit,8600.0,Person_45
2026-04-17,08:50 PM,Person/Merchant Payment,Debit,1000.0,Person_50
2026-04-17,08:51 PM,Person/Merchant Payment,Debit,55.0,Person_193
2026-04-18,06:53 PM,Person/Merchant Payment,Debit,50.0,Person_323
2026-04-18,07:01 PM,Money Received,Credit,120.0,Person_37
2026-04-18,10:59 PM,Person/Merchant Payment,Debit,100.0,Person_324
2026-04-19,06:40 PM,Person/Merchant Payment,Debit,1000.0,Person_6
2026-04-19,08:14 PM,Money Received,Credit,6000.0,Person_37
2026-04-20,11:21 AM,Person/Merchant Payment,Debit,100.0,Person_193
2026-04-20,02:16 PM,Money Received,Credit,5000.0,Person_325
2026-04-20,03:13 PM,Person/Merchant Payment,Debit,2640.0,Person_326
2026-04-21,09:34 AM,Person/Merchant Payment,Debit,2000.0,Person_163
2026-04-22,09:35 AM,Person/Merchant Payment,Debit,5000.0,Person_45
2026-04-22,11:01 AM,Person/Merchant Payment,Debit,1000.0,Person_327
2026-04-22,11:04 AM,Money Received,Credit,5000.0,Person_37
2026-04-22,11:06 AM,Money Received,Credit,1000.0,Person_327
2026-04-22,11:08 AM,Person/Merchant Payment,Debit,6370.0,Person_172
2026-04-23,11:40 AM,Education/Fees,Debit,6284.0,Person_5
2026-04-23,01:04 PM,Person/Merchant Payment,Debit,100.0,Person_6
2026-04-23,01:05 PM,Person/Merchant Payment,Debit,300.0,Person_328
2026-04-23,03:23 PM,Money Received,Credit,500.0,Person_37
2026-04-23,10:12 PM,Person/Merchant Payment,Debit,500.0,Person_17
2026-04-25,04:52 PM,Money Received,Credit,7500.0,Person_17
2026-04-25,06:03 PM,Person/Merchant Payment,Debit,2000.0,Person_17
2026-04-25,09:07 PM,Person/Merchant Payment,Debit,500.0,Person_45
2026-04-26,07:22 AM,Person/Merchant Payment,Debit,283.0,Person_45
2026-04-26,06:09 PM,Money Received,Credit,4000.0,Person_37
2026-04-26,06:12 PM,Person/Merchant Payment,Debit,4000.0,Person_156
2026-04-26,06:22 PM,Money Received,Credit,199.0,Person_2
2026-04-26,06:23 PM,Person/Merchant Payment,Debit,199.0,ZEPTO MARKETPLACE PRIVATE LIMITED
2026-04-27,10:12 AM,Person/Merchant Payment,Debit,9000.0,Person_45
2026-04-27,06:37 PM,Person/Merchant Payment,Debit,15.0,Person_158
2026-04-27,07:00 PM,Person/Merchant Payment,Debit,1500.0,Person_172
2026-04-27,08:17 PM,Money Received,Credit,500.0,Person_37
2026-04-28,12:05 PM,Money Received,Credit,1200.0,Person_37
2026-04-28,01:26 PM,Education/Fees,Debit,1680.0,Person_5
2026-04-28,01:30 PM,Money Received,Credit,1680.0,Person_3
2026-04-28,01:30 PM,Education/Fees,Debit,1680.0,Person_5
2026-04-28,01:36 PM,Person/Merchant Payment,Debit,8.0,Person_329
2026-04-29,11:18 AM,Person/Merchant Payment,Debit,100.0,Person_259
2026-04-29,12:37 PM,Person/Merchant Payment,Debit,10.0,Person_147
2026-04-30,11:12 AM,Person/Merchant Payment,Debit,4000.0,Person_50
2026-04-30,11:12 AM,Person/Merchant Payment,Debit,1500.0,Person_50
2026-04-30,11:23 AM,Money Received,Credit,500.0,Person_37
2026-04-30,11:24 AM,Person/Merchant Payment,Debit,500.0,Person_50
2026-04-30,11:26 AM,Money Received,Credit,500.0,Person_246
2026-04-30,12:49 PM,Money Received,Credit,2000.0,Person_330
2026-04-30,12:52 PM,Person/Merchant Payment,Debit,2000.0,Person_156
2026-04-30,07:05 PM,Person/Merchant Payment,Debit,500.0,Person_246
2026-04-30,07:12 PM,Money Received,Credit,2000.0,Person_37
2026-04-30,07:34 PM,Money Received,Credit,100.0,Person_259
2026-04-30,08:21 PM,Recharge,Debit,33.0,Person_18
2026-05-01,11:34 AM,Person/Merchant Payment,Debit,300.0,Person_240
2026-05-01,11:38 AM,Person/Merchant Payment,Debit,118.0,ZEPTO MARKETPLACE PRIVATE LIMITED
2026-05-01,01:21 PM,Money Received,Credit,300.0,Person_331
2026-05-01,09:05 PM,Money Received,Credit,150.0,Person_50
2026-05-01,10:39 PM,Person/Merchant Payment,Debit,1600.0,Person_332
2026-05-02,09:30 AM,Money Received,Credit,2000.0,Person_37
2026-05-02,12:41 PM,Person/Merchant Payment,Debit,500.0,Person_333
2026-05-02,03:44 PM,Person/Merchant Payment,Debit,106.0,ZEPTO MARKETPLACE PRIVATE LIMITED
2026-05-03,10:40 AM,Money Received,Credit,34.0,Person_50
2026-05-03,10:41 AM,Person/Merchant Payment,Debit,2000.0,Person_334
2026-05-03,12:33 PM,Money Received,Credit,4500.0,Person_78
2026-05-04,09:14 AM,Money Received,Credit,5100.0,Person_335
2026-05-04,11:39 AM,Person/Merchant Payment,Debit,350.0,Person_156
2026-05-04,11:47 AM,Person/Merchant Payment,Debit,30.0,Person_156
2026-05-05,08:33 AM,Person/Merchant Payment,Debit,7.0,Person_329
2026-05-05,06:53 PM,Person/Merchant Payment,Debit,200.0,Person_156
2026-05-06,07:59 AM,Person/Merchant Payment,Debit,100.0,Person_336
2026-05-06,08:00 AM,Person/Merchant Payment,Debit,4500.0,Person_172
2026-05-06,11:13 AM,Person/Merchant Payment,Debit,4000.0,Person_45
2026-05-06,06:39 PM,Person/Merchant Payment,Debit,10.0,Person_138
2026-05-07,03:18 AM,Money Received,Credit,100.0,Person_2
2026-05-07,07:13 AM,Money Received,Credit,17000.0,Person_246
2026-05-07,07:19 AM,Person/Merchant Payment,Debit,17000.0,Person_246
2026-05-07,09:29 AM,Person/Merchant Payment,Debit,1400.0,Person_156
2026-05-07,10:22 AM,Person/Merchant Payment,Debit,139.0,Person_337
2026-05-07,02:15 PM,Person/Merchant Payment,Debit,105.0,Person_338
2026-05-07,02:16 PM,Person/Merchant Payment,Debit,200.0,Person_156
2026-05-07,09:42 PM,Money Received,Credit,7000.0,Person_50
2026-05-07,09:42 PM,Person/Merchant Payment,Debit,7000.0,Person_45
2026-05-08,02:37 PM,Person/Merchant Payment,Debit,30.0,Person_339
2026-05-08,06:39 PM,Money Received,Credit,6800.0,Person_17
2026-05-09,03:25 PM,Money Received,Credit,100.0,Person_336
2026-05-09,06:41 PM,Person/Merchant Payment,Debit,130.0,Person_340
2026-05-09,08:57 PM,Money Received,Credit,130.0,Person_1
2026-05-09,09:29 PM,Food & Dining,Debit,1040.0,Person_341
2026-05-10,11:40 AM,Money Received,Credit,200.0,Person_259
2026-05-10,11:44 AM,Person/Merchant Payment,Debit,200.0,Person_259
2026-05-10,09:13 PM,Person/Merchant Payment,Debit,150.0,Person_156
2026-05-11,06:44 PM,Person/Merchant Payment,Debit,14.0,Person_342
2026-05-12,11:26 AM,Person/Merchant Payment,Debit,300.0,Person_240
2026-05-12,11:33 AM,Person/Merchant Payment,Debit,10.0,Person_147
2026-05-12,07:33 PM,Person/Merchant Payment,Debit,96.0,Person_6
2026-05-12,07:33 PM,UPI Lite Top-up,Debit,100.0,Person_4
2026-05-12,08:28 PM,Person/Merchant Payment,Debit,2500.0,Person_50
2026-05-12,08:49 PM,Money Received,Credit,3530.0,Person_17
2026-05-12,08:53 PM,Person/Merchant Payment,Debit,100.0,Person_17
2026-05-12,09:06 PM,UPI Lite Top-up,Debit,100.0,Person_4
2026-05-13,12:54 PM,Money Received,Credit,300.0,Person_259
2026-05-13,03:45 PM,Person/Merchant Payment,Debit,300.0,Person_343
2026-05-13,07:34 PM,Money Received,Credit,300.0,Person_155
2026-05-13,08:10 PM,Money Received,Credit,177.0,Person_11
2026-05-13,08:11 PM,Person/Merchant Payment,Debit,177.0,ZEPTO MARKETPLACE PRIVATE LIMITED
2026-05-13,08:35 PM,Others,Debit,164.0,Person_29
2026-05-13,10:42 PM,Recharge,Debit,22.0,Person_18
2026-05-14,11:42 AM,Person/Merchant Payment,Debit,3430.0,Person_17
2026-05-14,07:12 PM,Person/Merchant Payment,Debit,25.0,Person_257
2026-05-15,11:45 PM,Person/Merchant Payment,Debit,300.0,Person_259
2026-05-16,10:08 AM,Money Received,Credit,294.0,Person_11
2026-05-16,10:09 AM,Person/Merchant Payment,Debit,294.0,ZEPTO MARKETPLACE PRIVATE LIMITED
2026-05-16,02:17 PM,Person/Merchant Payment,Debit,20.0,Person_344
2026-05-18,07:58 PM,Money Received,Credit,213.0,Person_10
2026-05-18,08:00 PM,Person/Merchant Payment,Debit,213.0,ZEPTO MARKETPLACE PRIVATE LIMITED
2026-05-19,06:54 PM,Money Received,Credit,500.0,Person_2
2026-05-19,08:36 PM,Person/Merchant Payment,Debit,154.0,Person_329
2026-05-19,08:46 PM,Person/Merchant Payment,Debit,125.0,Person_47
2026-05-19,09:59 PM,Person/Merchant Payment,Debit,400.0,Person_2
2026-05-21,10:39 AM,Person/Merchant Payment,Debit,20.0,Person_345
2026-05-21,10:40 AM,Money Received,Credit,200.0,Person_3
2026-05-21,10:47 AM,Money Received,Credit,8000.0,Person_346
2026-05-21,10:54 AM,Education/Fees,Debit,1200.0,Person_5
2026-05-21,11:16 AM,Person/Merchant Payment,Debit,6800.0,Person_172
2026-05-21,12:43 PM,Person/Merchant Payment,Debit,800.0,Person_2
2026-05-21,03:14 PM,Person/Merchant Payment,Debit,166.0,Person_329
2026-05-21,11:45 PM,Person/Merchant Payment,Debit,430.0,Person_6
2026-05-22,11:17 AM,Money Received,Credit,1200.0,Person_3
2026-05-22,11:18 AM,Education/Fees,Debit,1200.0,Person_5
2026-05-22,01:24 PM,Person/Merchant Payment,Debit,992.0,Person_17
2026-05-22,01:25 PM,UPI Lite Top-up,Debit,450.0,Person_4
2026-05-22,01:38 PM,Person/Merchant Payment,Debit,6000.0,Person_6
2026-05-23,08:59 AM,Person/Merchant Payment,Debit,20.0,Person_138
2026-05-24,12:40 PM,Person/Merchant Payment,Debit,14.0,Person_138
2026-05-25,02:39 PM,Person/Merchant Payment,Debit,10.0,Person_103
2026-05-27,08:39 PM,Money Received,Credit,150.0,Person_37
2026-05-28,09:43 PM,Money Received,Credit,700.0,Person_12
2026-05-28,09:47 PM,Person/Merchant Payment,Debit,500.0,Person_50
2026-05-28,09:48 PM,Person/Merchant Payment,Debit,200.0,Person_193
2026-05-29,06:25 PM,Money Received,Credit,1000.0,Person_333
2026-05-30,02:01 PM,Person/Merchant Payment,Debit,280.0,Person_17
2026-05-31,02:33 PM,Money Received,Credit,800.0,Person_2
2026-05-31,03:01 PM,Person/Merchant Payment,Debit,1000.0,Person_198
2026-05-31,04:49 PM,Person/Merchant Payment,Debit,500.0,Person_240
2026-06-02,05:17 PM,Person/Merchant Payment,Debit,95.0,Person_347
2026-06-02,08:48 PM,Money Received,Credit,2130.0,Person_12
2026-06-02,09:29 PM,Recharge,Debit,22.0,Person_18
2026-06-03,12:56 PM,Money Received,Credit,500.0,Person_348
2026-06-03,12:57 PM,Person/Merchant Payment,Debit,2500.0,Person_349
2026-06-03,12:58 PM,Money Received,Credit,200.0,Person_50
2026-06-03,01:01 PM,Person/Merchant Payment,Debit,200.0,Person_50
2026-06-03,01:04 PM,Person/Merchant Payment,Debit,200.0,Person_50
2026-06-03,01:04 PM,Money Received,Credit,200.0,Person_50
2026-06-04,12:23 PM,Person/Merchant Payment,Debit,2000.0,Person_6
2026-06-04,05:23 PM,Recharge,Debit,26.0,Person_18
2026-06-04,05:27 PM,Money Received,Credit,500.0,Person_331
2026-06-04,05:29 PM,UPI Lite Top-up,Debit,500.0,Person_4
2026-06-04,10:54 PM,Person/Merchant Payment,Debit,300.0,Person_156
2026-06-04,10:54 PM,UPI Lite Top-up,Debit,300.0,Person_4
2026-06-05,04:03 PM,Person/Merchant Payment,Debit,50.0,Person_50
2026-06-05,04:59 PM,Money Received,Credit,100.0,Person_2
2026-06-05,05:21 PM,Person/Merchant Payment,Debit,79.0,Person_350
2026-06-07,06:46 PM,Money Received,Credit,6800.0,Person_17
2026-06-08,01:10 PM,Person/Merchant Payment,Debit,2500.0,Person_50
2026-06-08,01:40 PM,Person/Merchant Payment,Debit,150.0,Person_50
2026-06-09,09:57 AM,Person/Merchant Payment,Debit,200.0,Person_50
2026-06-12,02:05 PM,Person/Merchant Payment,Debit,350.0,Person_351
2026-06-14,03:08 PM,Money Received,Credit,500.0,Person_12
2026-06-14,06:07 PM,Money Received,Credit,600.0,Person_12
2026-06-14,08:31 PM,UPI Lite Top-up,Debit,1100.0,Person_4
2026-06-15,11:49 AM,Person/Merchant Payment,Debit,1000.0,Person_12
2026-06-15,11:49 AM,Person/Merchant Payment,Debit,100.0,Person_12
2026-06-16,03:15 PM,Person/Merchant Payment,Debit,300.0,Person_240
2026-06-19,09:52 AM,Money Received,Credit,25000.0,Person_352
2026-06-19,09:56 AM,Money Received,Credit,25000.0,Person_352
2026-06-19,09:58 PM,Person/Merchant Payment,Debit,205.0,Person_353
2026-06-20,09:57 AM,Person/Merchant Payment,Debit,10000.0,Person_17
2026-06-20,11:29 AM,Person/Merchant Payment,Debit,10000.0,Person_172
2026-06-20,12:32 PM,Money Received,Credit,500.0,Person_354
2026-06-20,01:26 PM,Money Received,Credit,40.0,Person_2
2026-06-20,02:01 PM,Money Received,Credit,50.0,Person_17
2026-06-20,02:02 PM,Person/Merchant Payment,Debit,620.0,Person_355
2026-06-20,08:00 PM,Person/Merchant Payment,Debit,2000.0,Person_209
2026-06-21,08:08 PM,Person/Merchant Payment,Debit,110.0,Person_356
2026-06-21,08:10 PM,Person/Merchant Payment,Debit,24.0,Person_357
2026-06-21,09:59 PM,Person/Merchant Payment,Debit,30.0,Person_357
2026-06-21,10:37 PM,Person/Merchant Payment,Debit,1.0,Person_358
2026-06-21,10:37 PM,Money Received,Credit,1000.0,Person_359
2026-06-21,10:41 PM,Person/Merchant Payment,Debit,9320.0,Person_156
2026-06-21,10:43 PM,Person/Merchant Payment,Debit,48.0,Person_172
2026-06-21,10:44 PM,Person/Merchant Payment,Debit,96.0,Person_172
2026-06-21,10:47 PM,Person/Merchant Payment,Debit,27800.0,Person_172
2026-06-21,10:49 PM,Person/Merchant Payment,Debit,870.0,Person_6
2026-06-21,10:49 PM,UPI Lite Top-up,Debit,878.0,Person_4
2026-06-22,07:45 AM,Person/Merchant Payment,Debit,2000.0,Person_209
2026-06-22,02:16 PM,Person/Merchant Payment,Debit,10000.0,Person_360
2026-06-23,10:05 AM,Person/Merchant Payment,Debit,45.0,Person_361
2026-06-23,11:58 AM,Person/Merchant Payment,Debit,4000.0,Person_12
2026-06-23,01:32 PM,Money Received,Credit,45.0,Person_12
2026-06-23,01:33 PM,Person/Merchant Payment,Debit,45.0,Person_12
2026-06-23,01:34 PM,UPI Lite Top-up,Debit,45.0,Person_4
2026-06-23,02:20 PM,Person/Merchant Payment,Debit,62.0,Person_362
2026-06-23,02:27 PM,Person/Merchant Payment,Debit,129.0,Person_17
2026-06-24,03:37 PM,Person/Merchant Payment,Debit,982.0,Person_17
2026-06-24,03:38 PM,UPI Lite Top-up,Debit,400.0,Person_4
2026-06-24,03:38 PM,Person/Merchant Payment,Debit,400.0,Person_6
2026-06-25,01:37 PM,Person/Merchant Payment,Debit,2000.0,Person_363
2026-06-25,03:56 PM,Person/Merchant Payment,Debit,2300.0,Person_198
2026-06-25,06:39 PM,Person/Merchant Payment,Debit,1500.0,Person_240
2026-06-25,07:41 PM,Person/Merchant Payment,Debit,1000.0,Person_198
2026-06-26,12:12 PM,Money Received,Credit,1500.0,Person_331
2026-06-26,04:50 PM,Person/Merchant Payment,Debit,730.0,Person_364
2026-06-26,07:34 PM,Money Received,Credit,100.0,Person_12
2026-06-26,08:10 PM,Person/Merchant Payment,Debit,110.0,Person_50
2026-06-26,08:12 PM,Person/Merchant Payment,Debit,4800.0,Person_6
2026-06-26,09:38 PM,Person/Merchant Payment,Debit,1000.0,Person_198
2026-06-27,09:15 AM,Person/Merchant Payment,Debit,524.0,Person_365
2026-06-27,01:47 PM,Person/Merchant Payment,Debit,400.0,Person_331
2026-06-27,01:59 PM,Person/Merchant Payment,Debit,300.0,Person_198
2026-06-29,01:29 AM,Person/Merchant Payment,Debit,887.0,Person_17
2026-06-29,01:47 AM,Person/Merchant Payment,Debit,100.0,Person_50
2026-06-29,03:22 PM,Money Received,Credit,1000.0,Person_17
2026-06-29,03:22 PM,Money Received,Credit,69.0,Person_17
2026-06-29,03:23 PM,Person/Merchant Payment,Debit,1069.0,Person_17
2026-06-29,05:50 PM,Person/Merchant Payment,Debit,100.0,Person_366
2026-06-29,07:08 PM,Person/Merchant Payment,Debit,2000.0,Person_84
2026-06-29,07:38 PM,Money Received,Credit,1500.0,Person_367
2026-06-30,10:57 AM,Person/Merchant Payment,Debit,5300.0,Person_368
2026-06-30,12:10 PM,Person/Merchant Payment,Debit,2120.0,Person_369
2026-06-30,05:01 PM,Money Received,Credit,1211.0,Person_156
2026-06-30,07:33 PM,Person/Merchant Payment,Debit,2500.0,Person_332
2026-06-30,08:02 PM,Money Received,Credit,500.0,Person_367
2026-06-30,09:35 PM,Money Received,Credit,2000.0,Person_370
2026-06-30,09:38 PM,Person/Merchant Payment,Debit,2000.0,Person_128
2026-07-01,08:30 PM,Recharge,Debit,26.0,Person_18
2026-07-02,01:06 PM,Money Received,Credit,24.0,Person_128
2026-07-02,01:06 PM,Person/Merchant Payment,Debit,24.0,Person_362
2026-07-03,01:07 PM,Person/Merchant Payment,Debit,500.0,Person_371
2026-07-03,08:23 PM,Person/Merchant Payment,Debit,61.0,Person_372
2026-07-04,06:26 AM,Person/Merchant Payment,Debit,100.0,Person_373
2026-07-04,12:23 PM,Money Received,Credit,4930.0,Person_156
2026-07-04,12:24 PM,Money Received,Credit,3578.0,Person_156
2026-07-04,12:57 PM,Money Received,Credit,1000.0,Person_128
2026-07-04,12:57 PM,Money Received,Credit,1000.0,Person_128
2026-07-04,01:13 PM,Person/Merchant Payment,Debit,1141.0,Person_6
2026-07-04,01:14 PM,UPI Lite Top-up,Debit,1141.0,Person_4
2026-07-04,01:50 PM,Person/Merchant Payment,Debit,197.0,Person_2
2026-07-04,01:51 PM,Money Received,Credit,197.0,Person_2
2026-07-04,07:32 PM,Money Received,Credit,500.0,Person_37
2026-07-04,07:33 PM,Person/Merchant Payment,Debit,350.0,Person_193
2026-07-05,07:47 AM,Person/Merchant Payment,Debit,1200.0,Person_374
2026-07-05,08:20 AM,Person/Merchant Payment,Debit,300.0,Person_374
2026-07-05,12:51 PM,Person/Merchant Payment,Debit,9320.0,Person_366
2026-07-05,10:21 PM,Person/Merchant Payment,Debit,500.0,Person_331
2026-07-06,12:25 AM,Person/Merchant Payment,Debit,100.0,Person_2
2026-07-06,09:10 AM,Person/Merchant Payment,Debit,50.0,Person_45
2026-07-06,01:07 PM,Person/Merchant Payment,Debit,20.0,Person_375
2026-07-07,03:51 PM,Money Received,Credit,300.0,Person_376
2026-07-07,05:19 PM,Money Received,Credit,3500.0,Person_377
2026-07-07,10:27 PM,Money Received,Credit,240.0,Person_378
2026-07-07,11:04 PM,Money Received,Credit,2500.0,Person_50
2026-07-07,11:09 PM,Person/Merchant Payment,Debit,220.0,Person_50
2026-07-07,11:10 PM,Person/Merchant Payment,Debit,2500.0,Person_6
2026-07-07,11:10 PM,Person/Merchant Payment,Debit,6000.0,Person_128
2026-07-08,05:21 AM,Person/Merchant Payment,Debit,500.0,Person_50
2026-07-08,11:13 AM,Money Received,Credit,500.0,Person_128
2026-07-08,07:24 PM,Person/Merchant Payment,Debit,20.0,Person_50
2026-07-09,12:25 AM,UPI Lite Top-up,Debit,500.0,Person_4
2026-07-09,12:27 AM,Person/Merchant Payment,Debit,965.0,Person_6
2026-07-09,09:53 PM,UPI Lite Top-up,Debit,300.0,Person_4
2026-07-09,09:55 PM,Money Received,Credit,500.0,Person_246
2026-07-09,09:56 PM,Person/Merchant Payment,Debit,500.0,Person_246
2026-07-10,06:35 PM,Person/Merchant Payment,Debit,118.0,Person_356
2026-07-10,09:18 PM,Food & Dining,Debit,200.0,Person_379
2026-07-10,09:44 PM,Food & Dining,Debit,90.0,Person_379
2026-07-10,10:03 PM,Food & Dining,Debit,45.0,Person_379
2026-07-11,02:27 PM,Person/Merchant Payment,Debit,12.0,Person_380
2026-07-11,03:19 PM,Person/Merchant Payment,Debit,100.0,Person_50
2026-07-11,03:33 PM,Money Received,Credit,335.0,Person_11
2026-07-12,08:14 PM,Food & Dining,Debit,550.0,Person_379
2026-07-12,08:43 PM,Money Received,Credit,1000.0,Person_88
2026-07-12,08:46 PM,Food & Dining,Debit,165.0,Person_379
2026-07-12,08:49 PM,Person/Merchant Payment,Debit,1000.0,Person_128
2026-07-12,09:19 PM,Person/Merchant Payment,Debit,480.0,Person_381
2026-07-13,12:52 PM,Person/Merchant Payment,Debit,196.0,Person_382
